{
  "template_id": "4_gunluk-1",
  "calibrated_at": "2026-03-12T12:26:10.790889Z",
  "image_dimensions": {
    "width": 3671,
    "height": 1492
  },
  "horizontal": {
    "top": {
      "x": 102.0,
      "y": 237.296875
    },
    "end_point": {
      "x": 3570.6666666666656,
      "y": 240.1979166666666
    },
    "top_temp": 30,
    "spacing": 23.7,
    "rotation_angle": 0.0008363562339751101,
    "line_positions": [
      237.296875,
      260.996875,
      284.696875,
      308.39687499999997,
      332.09687499999995,
      355.79687499999994,
      379.49687499999993,
      403.1968749999999,
      426.8968749999999,
      450.5968749999999,
      474.2968749999999,
      497.9968749999999,
      521.6968749999999,
      545.3968749999999,
      569.096875,
      592.796875,
      616.496875,
      640.1968750000001,
      663.8968750000001,
      687.5968750000002,
      711.2968750000002,
      734.9968750000003,
      758.6968750000003,
      782.3968750000004,
      806.0968750000004,
      829.7968750000005,
      853.4968750000005,
      877.1968750000005,
      900.8968750000006,
      924.5968750000006,
      948.2968750000007,
      971.9968750000007,
      995.6968750000008,
      1019.3968750000008,
      1043.0968750000009,
      1066.796875000001,
      1090.496875000001,
      1114.196875000001,
      1137.896875000001,
      1161.596875000001,
      1185.2968750000011,
      1208.9968750000012,
      1232.6968750000012,
      1256.3968750000013,
      1280.0968750000013,
      1303.7968750000014,
      1327.4968750000014,
      1351.1968750000015,
      1374.8968750000015,
      1398.5968750000015,
      1422.2968750000016,
      1445.9968750000016,
      1469.6968750000017
    ],
    "total_lines": 53
  },
  "vertical": {
    "line1_top": {
      "x": 334.1176470588235,
      "y": 239.58639705882348
    },
    "line1_bottom": {
      "x": 294.7058823529411,
      "y": 1426.645220588235
    },
    "line1_hour": "12:00",
    "center_y": 951.0,
    "curvature": -80.0,
    "spacing": 33.1,
    "line_positions": [
      334.1176470588235,
      367.2176470588235,
      400.3176470588235,
      433.41764705882355,
      466.51764705882357,
      499.6176470588236,
      532.7176470588236,
      565.8176470588236,
      598.9176470588236,
      632.0176470588236,
      665.1176470588236,
      698.2176470588237,
      731.3176470588237,
      764.4176470588237,
      797.5176470588237,
      830.6176470588238,
      863.7176470588238,
      896.8176470588238,
      929.9176470588238,
      963.0176470588239,
      996.1176470588239,
      1029.2176470588238,
      1062.3176470588237,
      1095.4176470588236,
      1128.5176470588235,
      1161.6176470588234,
      1194.7176470588233,
      1227.8176470588232,
      1260.9176470588231,
      1294.017647058823,
      1327.117647058823,
      1360.2176470588229,
      1393.3176470588228,
      1426.4176470588227,
      1459.5176470588226,
      1492.6176470588225,
      1525.7176470588224,
      1558.8176470588223,
      1591.9176470588222,
      1625.0176470588221,
      1658.117647058822,
      1691.217647058822,
      1724.3176470588219,
      1757.4176470588218,
      1790.5176470588217,
      1823.6176470588216,
      1856.7176470588215,
      1889.8176470588214,
      1922.9176470588213,
      1956.0176470588212,
      1989.1176470588211,
      2022.217647058821,
      2055.317647058821,
      2088.417647058821,
      2121.517647058821,
      2154.6176470588207,
      2187.7176470588206,
      2220.8176470588205,
      2253.9176470588204,
      2287.0176470588203,
      2320.1176470588202,
      2353.21764705882,
      2386.31764705882,
      2419.41764705882,
      2452.51764705882,
      2485.61764705882,
      2518.7176470588197,
      2551.8176470588196,
      2584.9176470588195,
      2618.0176470588194,
      2651.1176470588193,
      2684.2176470588192,
      2717.317647058819,
      2750.417647058819,
      2783.517647058819,
      2816.617647058819,
      2849.717647058819,
      2882.8176470588187,
      2915.9176470588186,
      2949.0176470588185,
      2982.1176470588184,
      3015.2176470588183,
      3048.3176470588182,
      3081.417647058818,
      3114.517647058818,
      3147.617647058818,
      3180.717647058818,
      3213.817647058818,
      3246.9176470588177,
      3280.0176470588176,
      3313.1176470588175,
      3346.2176470588174,
      3379.3176470588173,
      3412.4176470588172,
      3445.517647058817,
      3478.617647058817,
      3511.717647058817,
      3544.817647058817,
      3577.917647058817,
      3611.0176470588167,
      3644.1176470588166
    ],
    "total_lines": 101
  },
  "derived": {
    "top_point": {
      "x": 334.1176470588235,
      "y": 239.58639705882348
    },
    "bottom_point": {
      "x": 294.7058823529411,
      "y": 1426.645220588235
    },
    "curve_center_y": 951.0,
    "curve_coeff_a": -80.0,
    "line_spacing": 33.1,
    "line_positions": [
      334.1176470588235,
      367.2176470588235,
      400.3176470588235,
      433.41764705882355,
      466.51764705882357,
      499.6176470588236,
      532.7176470588236,
      565.8176470588236,
      598.9176470588236,
      632.0176470588236,
      665.1176470588236,
      698.2176470588237,
      731.3176470588237,
      764.4176470588237,
      797.5176470588237,
      830.6176470588238,
      863.7176470588238,
      896.8176470588238,
      929.9176470588238,
      963.0176470588239,
      996.1176470588239,
      1029.2176470588238,
      1062.3176470588237,
      1095.4176470588236,
      1128.5176470588235,
      1161.6176470588234,
      1194.7176470588233,
      1227.8176470588232,
      1260.9176470588231,
      1294.017647058823,
      1327.117647058823,
      1360.2176470588229,
      1393.3176470588228,
      1426.4176470588227,
      1459.5176470588226,
      1492.6176470588225,
      1525.7176470588224,
      1558.8176470588223,
      1591.9176470588222,
      1625.0176470588221,
      1658.117647058822,
      1691.217647058822,
      1724.3176470588219,
      1757.4176470588218,
      1790.5176470588217,
      1823.6176470588216,
      1856.7176470588215,
      1889.8176470588214,
      1922.9176470588213,
      1956.0176470588212,
      1989.1176470588211,
      2022.217647058821,
      2055.317647058821,
      2088.417647058821,
      2121.517647058821,
      2154.6176470588207,
      2187.7176470588206,
      2220.8176470588205,
      2253.9176470588204,
      2287.0176470588203,
      2320.1176470588202,
      2353.21764705882,
      2386.31764705882,
      2419.41764705882,
      2452.51764705882,
      2485.61764705882,
      2518.7176470588197,
      2551.8176470588196,
      2584.9176470588195,
      2618.0176470588194,
      2651.1176470588193,
      2684.2176470588192,
      2717.317647058819,
      2750.417647058819,
      2783.517647058819,
      2816.617647058819,
      2849.717647058819,
      2882.8176470588187,
      2915.9176470588186,
      2949.0176470588185,
      2982.1176470588184,
      3015.2176470588183,
      3048.3176470588182,
      3081.417647058818,
      3114.517647058818,
      3147.617647058818,
      3180.717647058818,
      3213.817647058818,
      3246.9176470588177,
      3280.0176470588176,
      3313.1176470588175,
      3346.2176470588174,
      3379.3176470588173,
      3412.4176470588172,
      3445.517647058817,
      3478.617647058817,
      3511.717647058817,
      3544.817647058817,
      3577.917647058817,
      3611.0176470588167,
      3644.1176470588166
    ],
    "horizontal_spacing": 23.7,