{
  "template_id": "4_gunluk-1",
  "calibrated_at": "2026-03-31T09:43:28.557137Z",
  "image_dimensions": {
    "width": 3666,
    "height": 1490
  },
  "horizontal": {
    "top": {
      "x": 177.0,
      "y": 238.296875
    },
    "end_point": {
      "x": 3248.0,
      "y": 236.296875
    },
    "top_temp": 30,
    "spacing": 23.76,
    "rotation_angle": -0.0006512535712295179,
    "line_positions": [
      238.296875,
      262.056875,
      285.816875,
      309.576875,
      333.33687499999996,
      357.09687499999995,
      380.85687499999995,
      404.61687499999994,
      428.3768749999999,
      452.1368749999999,
      475.8968749999999,
      499.6568749999999,
      523.4168749999999,
      547.1768749999999,
      570.9368749999999,
      594.6968749999999,
      618.4568749999999,
      642.2168749999998,
      665.9768749999998,
      689.7368749999998,
      713.4968749999998,
      737.2568749999998,
      761.0168749999998,
      784.7768749999998,
      808.5368749999998,
      832.2968749999998,
      856.0568749999998,
      879.8168749999998,
      903.5768749999997,
      927.3368749999997,
      951.0968749999997,
      974.8568749999997,
      998.6168749999997,
      1022.3768749999997,
      1046.1368749999997,
      1069.8968749999997,
      1093.6568749999997,
      1117.4168749999997,
      1141.1768749999997,
      1164.9368749999996,
      1188.6968749999996,
      1212.4568749999996,
      1236.2168749999996,
      1259.9768749999996,
      1283.7368749999996,
      1307.4968749999996,
      1331.2568749999996,
      1355.0168749999996,
      1378.7768749999996,
      1402.5368749999996,
      1426.2968749999995,
      1450.0568749999995,
      1473.8168749999995
    ],
    "total_lines": 53
  },
  "vertical": {
    "line1_top": {
      "x": 337.6470588235293,
      "y": 238.40992647058815
    },
    "line1_bottom": {
      "x": 298.8235294117646,
      "y": 1427.2334558823525
    },
    "line1_hour": "12:00",
    "center_y": 952.0,
    "curvature": -82.7,
    "spacing": 33.14,
    "line_positions": [
      337.6470588235293,
      370.78705882352926,
      403.92705882352925,
      437.06705882352924,
      470.2070588235292,
      503.3470588235292,
      536.4870588235292,
      569.6270588235292,
      602.7670588235292,
      635.9070588235292,
      669.0470588235291,
      702.1870588235291,
      735.3270588235291,
      768.4670588235291,
      801.6070588235291,
      834.7470588235291,
      867.8870588235291,
      901.027058823529,
      934.167058823529,
      967.307058823529,
      1000.447058823529,
      1033.587058823529,
      1066.7270588235292,
      1099.8670588235293,
      1133.0070588235294,
      1166.1470588235295,
      1199.2870588235296,
      1232.4270588235297,
      1265.5670588235298,
      1298.70705882353,
      1331.84705882353,
      1364.98705882353,
      1398.1270588235302,
      1431.2670588235303,
      1464.4070588235304,
      1497.5470588235305,
      1530.6870588235306,
      1563.8270588235307,
      1596.9670588235308,
      1630.107058823531,
      1663.247058823531,
      1696.387058823531,
      1729.5270588235312,
      1762.6670588235313,
      1795.8070588235314,
      1828.9470588235315,
      1862.0870588235316,
      1895.2270588235317,
      1928.3670588235318,
      1961.507058823532,
      1994.647058823532,
      2027.787058823532,
      2060.927058823532,
      2094.067058823532,
      2127.207058823532,
      2160.347058823532,
      2193.4870588235317,
      2226.6270588235316,
      2259.7670588235314,
      2292.9070588235313,
      2326.047058823531,
      2359.187058823531,
      2392.327058823531,
      2425.467058823531,
      2458.6070588235307,
      2491.7470588235306,
      2524.8870588235304,
      2558.0270588235303,
      2591.16705882353,
      2624.30705882353,
      2657.44705882353,
      2690.58705882353,
      2723.7270588235297,
      2756.8670588235295,
      2790.0070588235294,
      2823.1470588235293,
      2856.287058823529,
      2889.427058823529,
      2922.567058823529,
      2955.7070588235288,
      2988.8470588235286,
      3021.9870588235285,
      3055.1270588235284,
      3088.2670588235283,
      3121.407058823528,
      3154.547058823528,
      3187.687058823528,
      3220.8270588235278,
      3253.9670588235276,
      3287.1070588235275,
      3320.2470588235274,
      3353.3870588235272,
      3386.527058823527,
      3419.667058823527,
      3452.807058823527,
      3485.9470588235267,
      3519.0870588235266,
      3552.2270588235265,
      3585.3670588235263,
      3618.507058823526,
      3651.647058823526
    ],
    "total_lines": 101
  },
  "derived": {
    "top_point": {
      "x": 337.6470588235293,
      "y": 238.40992647058815
    },
    "bottom_point": {
      "x": 298.8235294117646,
      "y": 1427.2334558823525
    },
    "curve_center_y": 952.0,
    "curve_coeff_a": -82.7,
    "line_spacing": 33.14,
    "line_positions": [
      337.6470588235293,
      370.78705882352926,
      403.92705882352925,
      437.06705882352924,
      470.2070588235292,
      503.3470588235292,
      536.4870588235292,
      569.6270588235292,
      602.7670588235292,
      635.9070588235292,
      669.0470588235291,
      702.1870588235291,
      735.3270588235291,
      768.4670588235291,
      801.6070588235291,
      834.7470588235291,
      867.8870588235291,
      901.027058823529,
      934.167058823529,
      967.307058823529,
      1000.447058823529,
      1033.587058823529,
      1066.7270588235292,
      1099.8670588235293,
      1133.0070588235294,
      1166.1470588235295,
      1199.2870588235296,
      1232.4270588235297,
      1265.5670588235298,
      1298.70705882353,
      1331.84705882353,
      1364.98705882353,
      1398.1270588235302,
      1431.2670588235303,
      1464.4070588235304,
      1497.5470588235305,
      1530.6870588235306,
      1563.8270588235307,
      1596.9670588235308,
      1630.107058823531,
      1663.247058823531,
      1696.387058823531,
      1729.5270588235312,
      1762.6670588235313,
      1795.8070588235314,
      1828.9470588235315,
      1862.0870588235316,
      1895.2270588235317,
      1928.3670588235318,
      1961.507058823532,
      1994.647058823532,
      2027.787058823532,
      2060.927058823532,
      2094.067058823532,
      2127.207058823532,
      2160.347058823532,
      2193.4870588235317,
      2226.6270588235316,
      2259.7670588235314,
      2292.9070588235313,
      2326.047058823531,
      2359.187058823531,
      2392.327058823531,
      2425.467058823531,
      2458.6070588235307,
      2491.7470588235306,
      2524.8870588235304,
      2558.0270588235303,
      2591.16705882353,
      2624.30705882353,
      2657.44705882353,
      2690.58705882353,
      2723.7270588235297,
      2756.8670588235295,
      2790.0070588235294,
      2823.1470588235293,
      2856.287058823529,
      2889.427058823529,
      2922.567058823529,
      2955.7070588235288,
      2988.8470588235286,
      3021.9870588235285,
      3055.1270588235284,
      3088.2670588235283,
      3121.407058823528,
      3154.547058823528,
      3187.687058823528,
      3220.8270588235278,
      3253.9670588235276,
      3287.1070588235275,
      3320.2470588235274,
      3353.3870588235272,
      3386.527058823527,
      3419.667058823527,
      3452.807058823527,
      3485.9470588235267,
      3519.0870588235266,
      3552.2270588235265,
      3585.3670588235263,
      3618.507058823526,
      3651.647058823526
    ],
    "horizontal_spacing": 23.76,