{
  "template_id": "4_gunluk-4",
  "calibrated_at": "2026-04-24T12:51:59.007186Z",
  "image_dimensions": {
    "width": 3596,
    "height": 1054
  },
  "horizontal": {
    "top": {
      "x": 246.0,
      "y": 166.296875
    },
    "end_point": {
      "x": 3354.0,
      "y": 191.296875
    },
    "top_temp": 90,
    "spacing": 9.49,
    "rotation_angle": 0.00804358456796501,
    "line_positions": [
      166.296875,
      175.786875,
      185.27687500000002,
      194.76687500000003,
      204.25687500000004,
      213.74687500000005,
      223.23687500000005,
      232.72687500000006,
      242.21687500000007,
      251.70687500000008,
      261.1968750000001,
      270.6868750000001,
      280.1768750000001,
      289.6668750000001,
      299.1568750000001,
      308.64687500000014,
      318.13687500000015,
      327.62687500000015,
      337.11687500000016,
      346.6068750000002,
      356.0968750000002,
      365.5868750000002,
      375.0768750000002,
      384.5668750000002,
      394.0568750000002,
      403.5468750000002,
      413.03687500000024,
      422.52687500000025,
      432.01687500000025,
      441.50687500000026,
      450.9968750000003,
      460.4868750000003,
      469.9768750000003,
      479.4668750000003,
      488.9568750000003,
      498.4468750000003,
      507.9368750000003,
      517.4268750000003,
      526.9168750000003,
      536.4068750000004,
      545.8968750000004,
      555.3868750000004,
      564.8768750000004,
      574.3668750000004,
      583.8568750000004,
      593.3468750000004,
      602.8368750000004,
      612.3268750000004,
      621.8168750000004,
      631.3068750000004,
      640.7968750000005,
      650.2868750000005,
      659.7768750000005,
      669.2668750000005,
      678.7568750000005,
      688.2468750000005,
      697.7368750000005,
      707.2268750000005,
      716.7168750000005,
      726.2068750000005,
      735.6968750000005,
      745.1868750000006,
      754.6768750000006,
      764.1668750000006,
      773.6568750000006,
      783.1468750000006,
      792.6368750000006,
      802.1268750000006,
      811.6168750000006,
      821.1068750000006,
      830.5968750000006,
      840.0868750000006,
      849.5768750000007,
      859.0668750000007,
      868.5568750000007,
      878.0468750000007,
      887.5368750000007,
      897.0268750000007,
      906.5168750000007,
      916.0068750000007,
      925.4968750000007,
      934.9868750000007,
      944.4768750000007,
      953.9668750000008,
      963.4568750000008,
      972.9468750000008,
      982.4368750000008,
      991.9268750000008,
      1001.4168750000008,
      1010.9068750000008,
      1020.3968750000008,
      1029.8868750000008,
      1039.3768750000008,
      1048.8668750000008
    ],
    "total_lines": 94
  },
  "vertical": {
    "line1_top": {
      "x": 245.0,
      "y": 166.296875
    },
    "line1_bottom": {
      "x": 253.0,
      "y": 925.296875
    },
    "line1_hour": "12:00",
    "center_y": 527.0,
    "curvature": -43.73,
    "spacing": 32.88,
    "line_positions": [
      245.0,
      277.88,
      310.76,
      343.64,
      376.52,
      409.4,
      442.28,
      475.15999999999997,
      508.03999999999996,
      540.92,
      573.8,
      606.68,
      639.56,
      672.4399999999999,
      705.3199999999999,
      738.1999999999999,
      771.0799999999999,
      803.9599999999999,
      836.8399999999999,
      869.7199999999999,
      902.5999999999999,
      935.4799999999999,
      968.3599999999999,
      1001.2399999999999,
      1034.12,
      1067.0,
      1099.88,
      1132.7600000000002,
      1165.6400000000003,
      1198.5200000000004,
      1231.4000000000005,
      1264.2800000000007,
      1297.1600000000008,
      1330.0400000000009,
      1362.920000000001,
      1395.800000000001,
      1428.6800000000012,
      1461.5600000000013,
      1494.4400000000014,
      1527.3200000000015,
      1560.2000000000016,
      1593.0800000000017,
      1625.9600000000019,
      1658.840000000002,
      1691.720000000002,
      1724.6000000000022,
      1757.4800000000023,
      1790.3600000000024,
      1823.2400000000025,
      1856.1200000000026,
      1889.0000000000027,
      1921.8800000000028,
      1954.760000000003,
      1987.640000000003,
      2020.5200000000032,
      2053.4000000000033,
      2086.2800000000034,
      2119.1600000000035,
      2152.0400000000036,
      2184.9200000000037,
      2217.800000000004,
      2250.680000000004,
      2283.560000000004,
      2316.440000000004,
      2349.3200000000043,
      2382.2000000000044,
      2415.0800000000045,
      2447.9600000000046,
      2480.8400000000047,
      2513.720000000005,
      2546.600000000005,
      2579.480000000005,
      2612.360000000005,
      2645.2400000000052,
      2678.1200000000053,
      2711.0000000000055,
      2743.8800000000056,
      2776.7600000000057,
      2809.640000000006,
      2842.520000000006,
      2875.400000000006,
      2908.280000000006,
      2941.160000000006,
      2974.0400000000063,
      3006.9200000000064,
      3039.8000000000065,
      3072.6800000000067,
      3105.5600000000068,
      3138.440000000007,
      3171.320000000007,
      3204.200000000007,
      3237.080000000007,
      3269.9600000000073,
      3302.8400000000074,
      3335.7200000000075,
      3368.6000000000076,
      3401.4800000000077,
      3434.360000000008,
      3467.240000000008,
      3500.120000000008,
      3533.000000000008,
      3565.8800000000083
    ],
    "total_lines": 102
  },
  "derived": {
    "top_point": {
      "x": 245.0,
      "y": 166.296875
    },
    "bottom_point": {
      "x": 253.0,
      "y": 925.296875
    },
    "curve_center_y": 527.0,
    "curve_coeff_a": -43.73,
    "line_spacing": 32.88,