{
  "template_id": "4_gunluk-3",
  "calibrated_at": "2026-04-24T12:49:40.633251Z",
  "image_dimensions": {
    "width": 3580,
    "height": 1073
  },
  "horizontal": {
    "top": {
      "x": 255.0,
      "y": 86.296875
    },
    "end_point": {
      "x": 3256.6666666666656,
      "y": 81.53124999999997
    },
    "top_temp": 30,
    "spacing": 17.95,
    "rotation_angle": -0.0015876582995539273,
    "line_positions": [
      86.296875,
      104.246875,
      122.196875,
      140.146875,
      158.09687499999998,
      176.04687499999997,
      193.99687499999996,
      211.94687499999995,
      229.89687499999994,
      247.84687499999993,
      265.79687499999994,
      283.74687499999993,
      301.6968749999999,
      319.6468749999999,
      337.5968749999999,
      355.5468749999999,
      373.4968749999999,
      391.44687499999986,
      409.39687499999985,
      427.34687499999984,
      445.29687499999983,
      463.2468749999998,
      481.1968749999998,
      499.1468749999998,
      517.0968749999998,
      535.0468749999999,
      552.9968749999999,
      570.946875,
      588.896875,
      606.8468750000001,
      624.7968750000001,
      642.7468750000002,
      660.6968750000002,
      678.6468750000003,
      696.5968750000003,
      714.5468750000003,
      732.4968750000004,
      750.4468750000004,
      768.3968750000005,
      786.3468750000005,
      804.2968750000006,
      822.2468750000006,
      840.1968750000007,
      858.1468750000007,
      876.0968750000008,
      894.0468750000008,
      911.9968750000008,
      929.9468750000009,
      947.8968750000009,
      965.846875000001,
      983.796875000001,
      1001.7468750000011,
      1019.6968750000011,
      1037.646875000001,
      1055.596875000001
    ],
    "total_lines": 55
  },
  "vertical": {
    "line1_top": {
      "x": 255.0,
      "y": 86.296875
    },
    "line1_bottom": {
      "x": 225.0,
      "y": 984.296875
    },
    "line1_hour": "12:00",
    "center_y": 628.0,
    "curvature": -59.14,
    "spacing": 33.02,
    "line_positions": [
      255.0,
      288.02,
      321.03999999999996,
      354.05999999999995,
      387.0799999999999,
      420.0999999999999,
      453.1199999999999,
      486.1399999999999,
      519.1599999999999,
      552.1799999999998,
      585.1999999999998,
      618.2199999999998,
      651.2399999999998,
      684.2599999999998,
      717.2799999999997,
      750.2999999999997,
      783.3199999999997,
      816.3399999999997,
      849.3599999999997,
      882.3799999999997,
      915.3999999999996,
      948.4199999999996,
      981.4399999999996,
      1014.4599999999996,
      1047.4799999999996,
      1080.4999999999995,
      1113.5199999999995,
      1146.5399999999995,
      1179.5599999999995,
      1212.5799999999995,
      1245.5999999999995,
      1278.6199999999994,
      1311.6399999999994,
      1344.6599999999994,
      1377.6799999999994,
      1410.6999999999994,
      1443.7199999999993,
      1476.7399999999993,
      1509.7599999999993,
      1542.7799999999993,
      1575.7999999999993,
      1608.8199999999993,
      1641.8399999999992,
      1674.8599999999992,
      1707.8799999999992,
      1740.8999999999992,
      1773.9199999999992,
      1806.9399999999991,
      1839.9599999999991,
      1872.979999999999,
      1905.999999999999,
      1939.019999999999,
      1972.039999999999,
      2005.059999999999,
      2038.079999999999,
      2071.099999999999,
      2104.119999999999,
      2137.139999999999,
      2170.159999999999,
      2203.179999999999,
      2236.199999999999,
      2269.219999999999,
      2302.239999999999,
      2335.259999999999,
      2368.279999999999,
      2401.299999999999,
      2434.319999999999,
      2467.339999999999,
      2500.3599999999988,
      2533.3799999999987,
      2566.3999999999987,
      2599.4199999999987,
      2632.4399999999987,
      2665.4599999999987,
      2698.4799999999987,
      2731.4999999999986,
      2764.5199999999986,
      2797.5399999999986,
      2830.5599999999986,
      2863.5799999999986,
      2896.5999999999985,
      2929.6199999999985,
      2962.6399999999985,
      2995.6599999999985,
      3028.6799999999985,
      3061.6999999999985,
      3094.7199999999984,
      3127.7399999999984,
      3160.7599999999984,
      3193.7799999999984,
      3226.7999999999984,
      3259.8199999999983,
      3292.8399999999983,
      3325.8599999999983,
      3358.8799999999983,
      3391.8999999999983,
      3424.9199999999983,
      3457.9399999999982,
      3490.959999999998,
      3523.979999999998,
      3556.999999999998
    ],
    "total_lines": 101
  },
  "derived": {
    "top_point": {
      "x": 255.0,
      "y": 86.296875
    },
    "bottom_point": {
      "x": 225.0,
      "y": 984.296875
    },
    "curve_center_y": 628.0,
    "curve_coeff_a": -59.14,
    "line_spacing": 33.02,
    "line_positions": [
      255.0,
      288.02,
      321.03999999999996,
      354.05999999999995,
      387.0799999999999,
      420.0999999999999,
      453.1199999999999,
      486.1399999999999,
      519.1599999999999,
      552.1799999999998,
      585.1999999999998,
      618.2199999999998,
      651.2399999999998,
      684.2599999999998,
      717.2799999999997,
      750.2999999999997,
      783.3199999999997,
      816.3399999999997,
      849.3599999999997,
      882.3799999999997,
      915.3999999999996,
      948.4199999999996,
      981.4399999999996,
      1014.4599999999996,
      1047.4799999999996,
      1080.4999999999995,
      1113.5199999999995,
      1146.5399999999995,
      1179.5599999999995,
      1212.5799999999995,
      1245.5999999999995,
      1278.6199999999994,
      1311.6399999999994,
      1344.6599999999994,
      1377.6799999999994,
      1410.6999999999994,
      1443.7199999999993,
      1476.7399999999993,
      1509.7599999999993,
      1542.7799999999993,
      1575.7999999999993,
      1608.8199999999993,
      1641.8399999999992,
      1674.8599999999992,
      1707.8799999999992,
      1740.8999999999992,
      1773.9199999999992,
      1806.9399999999991,
      1839.9599999999991,
      1872.979999999999,
      1905.999999999999,
      1939.019999999999,
      1972.039999999999,
      2005.059999999999,
      2038.079999999999,
      2071.099999999999,
      2104.119999999999,
      2137.139999999999,
      2170.159999999999,
      2203.179999999999,
      2236.199999999999,
      2269.219999999999,
      2302.239999999999,
      2335.259999999999,
      2368.279999999999,
      2401.299999999999,
      2434.319999999999,
      2467.339999999999,
      2500.3599999999988,
      2533.3799999999987,
      2566.3999999999987,
      2599.4199999999987,
      2632.4399999999987,
      2665.4599999999987,
      2698.4799999999987,
      2731.4999999999986,
      2764.5199999999986,
      2797.5399999999986,
      2830.5599999999986,
      2863.5799999999986,
      2896.5999999999985,
      2929.6199999999985,
      2962.6399999999985,
      2995.6599999999985,
      3028.6799999999985,
      3061.6999999999985,
      3094.7199999999984,
      3127.7399999999984,
      3160.7599999999984,
      3193.7799999999984,
      3226.7999999999984,
      3259.8199999999983,
      3292.8399999999983,
      3325.8599999999983,
      3358.8799999999983,
      3391.8999999999983,
      3424.9199999999983,
      3457.9399999999982,
      3490.959999999998,
      3523.979999999998,
      3556.999999999998
    ],
    "horizontal_spacing": 17.95,