{
  "template_id": "4_gunluk-1",
  "calibrated_at": "2026-03-29T22:23:07.914208Z",
  "image_dimensions": {
    "width": 3671,
    "height": 1492
  },
  "horizontal": {
    "top": {
      "x": 270.0,
      "y": 475.5
    },
    "end_point": {
      "x": 3579.0,
      "y": 471.5
    },
    "top_temp": 0,
    "spacing": 23.76,
    "rotation_angle": -0.0012088238294529292,
    "line_positions": [
      475.5,
      499.26,
      523.02,
      546.78,
      570.54,
      594.3,
      618.06,
      641.8199999999999,
      665.5799999999999,
      689.3399999999999,
      713.0999999999999,
      736.8599999999999,
      760.6199999999999,
      784.3799999999999,
      808.1399999999999,
      831.8999999999999,
      855.6599999999999,
      879.4199999999998,
      903.1799999999998,
      926.9399999999998,
      950.6999999999998,
      974.4599999999998,
      998.2199999999998,
      1021.9799999999998,
      1045.7399999999998,
      1069.4999999999998,
      1093.2599999999998,
      1117.0199999999998,
      1140.7799999999997,
      1164.5399999999997,
      1188.2999999999997,
      1212.0599999999997,
      1235.8199999999997,
      1259.5799999999997,
      1283.3399999999997,
      1307.0999999999997,
      1330.8599999999997,
      1354.6199999999997,
      1378.3799999999997,
      1402.1399999999996,
      1425.8999999999996,
      1449.6599999999996,
      1473.4199999999996
    ],
    "total_lines": 43
  },
  "vertical": {
    "line1_top": {
      "x": 331.0,
      "y": 237.5
    },
    "line1_bottom": {
      "x": 292.0,
      "y": 1426.5
    },
    "line1_hour": "12:00",
    "center_y": 533.0,
    "curvature": -58.8,
    "spacing": 32.91,
    "line_positions": [
      331.0,
      363.90999999999997,
      396.81999999999994,
      429.7299999999999,
      462.6399999999999,
      495.54999999999984,
      528.4599999999998,
      561.3699999999998,
      594.2799999999997,
      627.1899999999997,
      660.0999999999997,
      693.0099999999996,
      725.9199999999996,
      758.8299999999996,
      791.7399999999996,
      824.6499999999995,
      857.5599999999995,
      890.4699999999995,
      923.3799999999994,
      956.2899999999994,
      989.1999999999994,
      1022.1099999999993,
      1055.0199999999993,
      1087.9299999999994,
      1120.8399999999995,
      1153.7499999999995,
      1186.6599999999996,
      1219.5699999999997,
      1252.4799999999998,
      1285.3899999999999,
      1318.3,
      1351.21,
      1384.1200000000001,
      1417.0300000000002,
      1449.9400000000003,
      1482.8500000000004,
      1515.7600000000004,
      1548.6700000000005,
      1581.5800000000006,
      1614.4900000000007,
      1647.4000000000008,
      1680.3100000000009,
      1713.220000000001,
      1746.130000000001,
      1779.040000000001,
      1811.9500000000012,
      1844.8600000000013,
      1877.7700000000013,
      1910.6800000000014,
      1943.5900000000015,
      1976.5000000000016,
      2009.4100000000017,
      2042.3200000000018,
      2075.230000000002,
      2108.1400000000017,
      2141.0500000000015,
      2173.9600000000014,
      2206.8700000000013,
      2239.780000000001,
      2272.690000000001,
      2305.600000000001,
      2338.5100000000007,
      2371.4200000000005,
      2404.3300000000004,
      2437.2400000000002,
      2470.15,
      2503.06,
      2535.97,
      2568.8799999999997,
      2601.7899999999995,
      2634.6999999999994,
      2667.609999999999,
      2700.519999999999,
      2733.429999999999,
      2766.339999999999,
      2799.2499999999986,
      2832.1599999999985,
      2865.0699999999983,
      2897.979999999998,
      2930.889999999998,
      2963.799999999998,
      2996.7099999999978,
      3029.6199999999976,
      3062.5299999999975,
      3095.4399999999973,
      3128.349999999997,
      3161.259999999997,
      3194.169999999997,
      3227.0799999999967,
      3259.9899999999966,
      3292.8999999999965,
      3325.8099999999963,
      3358.719999999996,
      3391.629999999996,
      3424.539999999996,
      3457.4499999999957,
      3490.3599999999956,
      3523.2699999999954,
      3556.1799999999953,
      3589.089999999995,
      3621.999999999995,
      3654.909999999995
    ],
    "total_lines": 102
  },
  "derived": {
    "top_point": {
      "x": 331.0,
      "y": 237.5
    },
    "bottom_point": {
      "x": 292.0,
      "y": 1426.5
    },
    "curve_center_y": 533.0,
    "curve_coeff_a": -58.8,
    "line_spacing": 32.91,
    "line_positions": [
      331.0,
      363.90999999999997,
      396.81999999999994,
      429.7299999999999,
      462.6399999999999,
      495.54999999999984,
      528.4599999999998,
      561.3699999999998,
      594.2799999999997,
      627.1899999999997,
      660.0999999999997,
      693.0099999999996,
      725.9199999999996,
      758.8299999999996,
      791.7399999999996,
      824.6499999999995,
      857.5599999999995,
      890.4699999999995,
      923.3799999999994,
      956.2899999999994,
      989.1999999999994,
      1022.1099999999993,
      1055.0199999999993,
      1087.9299999999994,
      1120.8399999999995,
      1153.7499999999995,
      1186.6599999999996,
      1219.5699999999997,
      1252.4799999999998,
      1285.3899999999999,
      1318.3,
      1351.21,
      1384.1200000000001,
      1417.0300000000002,
      1449.9400000000003,
      1482.8500000000004,
      1515.7600000000004,
      1548.6700000000005,
      1581.5800000000006,
      1614.4900000000007,
      1647.4000000000008,
      1680.3100000000009,
      1713.220000000001,
      1746.130000000001,
      1779.040000000001,
      1811.9500000000012,
      1844.8600000000013,
      1877.7700000000013,
      1910.6800000000014,
      1943.5900000000015,
      1976.5000000000016,
      2009.4100000000017,
      2042.3200000000018,
      2075.230000000002,
      2108.1400000000017,
      2141.0500000000015,
      2173.9600000000014,
      2206.8700000000013,
      2239.780000000001,
      2272.690000000001,
      2305.600000000001,
      2338.5100000000007,
      2371.4200000000005,
      2404.3300000000004,
      2437.2400000000002,
      2470.15,
      2503.06,
      2535.97,
      2568.8799999999997,
      2601.7899999999995,
      2634.6999999999994,
      2667.609999999999,
      2700.519999999999,
      2733.429999999999,
      2766.339999999999,
      2799.2499999999986,
      2832.1599999999985,
      2865.0699999999983,
      2897.979999999998,
      2930.889999999998,
      2963.799999999998,
      2996.7099999999978,
      3029.6199999999976,
      3062.5299999999975,
      3095.4399999999973,
      3128.349999999997,
      3161.259999999997,
      3194.169999999997,
      3227.0799999999967,
      3259.9899999999966,
      3292.8999999999965,
      3325.8099999999963,
      3358.719999999996,
      3391.629999999996,
      3424.539999999996,
      3457.4499999999957,
      3490.3599999999956,
      3523.2699999999954,
      3556.1799999999953,
      3589.089999999995,
      3621.999999999995,
      3654.909999999995
    ],
    "horizontal_spacing": 23.76,