{
  "template_id": "4_gunluk-2",
  "calibrated_at": "2026-04-24T12:47:29.801259Z",
  "image_dimensions": {
    "width": 3563,
    "height": 1066
  },
  "horizontal": {
    "top": {
      "x": 231.0,
      "y": 168.296875
    },
    "end_point": {
      "x": 3348.0,
      "y": 177.296875
    },
    "top_temp": 10,
    "spacing": 41.69,
    "rotation_angle": 0.002887383698759136,
    "line_positions": [
      168.296875,
      209.986875,
      251.676875,
      293.366875,
      335.056875,
      376.746875,
      418.436875,
      460.126875,
      501.816875,
      543.506875,
      585.1968750000001,
      626.8868750000001,
      668.5768750000002,
      710.2668750000003,
      751.9568750000003,
      793.6468750000004,
      835.3368750000004,
      877.0268750000005,
      918.7168750000005,
      960.4068750000006,
      1002.0968750000006,
      1043.7868750000007
    ],
    "total_lines": 22
  },
  "vertical": {
    "line1_top": {
      "x": 230.0,
      "y": 167.296875
    },
    "line1_bottom": {
      "x": 234.0,
      "y": 1001.296875
    },
    "line1_hour": "12:00",
    "center_y": 589.0,
    "curvature": -53.97,
    "spacing": 33.14,
    "line_positions": [
      230.0,
      263.14,
      296.28,
      329.41999999999996,
      362.55999999999995,
      395.69999999999993,
      428.8399999999999,
      461.9799999999999,
      495.1199999999999,
      528.2599999999999,
      561.3999999999999,
      594.5399999999998,
      627.6799999999998,
      660.8199999999998,
      693.9599999999998,
      727.0999999999998,
      760.2399999999998,
      793.3799999999998,
      826.5199999999998,
      859.6599999999997,
      892.7999999999997,
      925.9399999999997,
      959.0799999999997,
      992.2199999999997,
      1025.3599999999997,
      1058.4999999999998,
      1091.6399999999999,
      1124.78,
      1157.92,
      1191.0600000000002,
      1224.2000000000003,
      1257.3400000000004,
      1290.4800000000005,
      1323.6200000000006,
      1356.7600000000007,
      1389.9000000000008,
      1423.0400000000009,
      1456.180000000001,
      1489.320000000001,
      1522.4600000000012,
      1555.6000000000013,
      1588.7400000000014,
      1621.8800000000015,
      1655.0200000000016,
      1688.1600000000017,
      1721.3000000000018,
      1754.4400000000019,
      1787.580000000002,
      1820.720000000002,
      1853.8600000000022,
      1887.0000000000023,
      1920.1400000000024,
      1953.2800000000025,
      1986.4200000000026,
      2019.5600000000027,
      2052.7000000000025,
      2085.8400000000024,
      2118.9800000000023,
      2152.120000000002,
      2185.260000000002,
      2218.400000000002,
      2251.540000000002,
      2284.6800000000017,
      2317.8200000000015,
      2350.9600000000014,
      2384.1000000000013,
      2417.240000000001,
      2450.380000000001,
      2483.520000000001,
      2516.6600000000008,
      2549.8000000000006,
      2582.9400000000005,
      2616.0800000000004,
      2649.2200000000003,
      2682.36,
      2715.5,
      2748.64,
      2781.7799999999997,
      2814.9199999999996,
      2848.0599999999995,
      2881.1999999999994,
      2914.3399999999992,
      2947.479999999999,
      2980.619999999999,
      3013.759999999999,
      3046.8999999999987,
      3080.0399999999986,
      3113.1799999999985,
      3146.3199999999983,
      3179.459999999998,
      3212.599999999998,
      3245.739999999998,
      3278.879999999998,
      3312.0199999999977,
      3345.1599999999976,
      3378.2999999999975,
      3411.4399999999973,
      3444.579999999997,
      3477.719999999997,
      3510.859999999997,
      3543.999999999997
    ],
    "total_lines": 101
  },
  "derived": {
    "top_point": {
      "x": 230.0,
      "y": 167.296875
    },
    "bottom_point": {
      "x": 234.0,
      "y": 1001.296875
    },
    "curve_center_y": 589.0,
    "curve_coeff_a": -53.97,
    "line_spacing": 33.14,
    "line_positions": [
      230.0,
      263.14,
      296.28,
      329.41999999999996,
      362.55999999999995,
      395.69999999999993,
      428.8399999999999,
      461.9799999999999,
      495.1199999999999,
      528.2599999999999,
      561.3999999999999,
      594.5399999999998,
      627.6799999999998,
      660.8199999999998,
      693.9599999999998,
      727.0999999999998,
      760.2399999999998,
      793.3799999999998,
      826.5199999999998,
      859.6599999999997,
      892.7999999999997,
      925.9399999999997,
      959.0799999999997,
      992.2199999999997,
      1025.3599999999997,
      1058.4999999999998,
      1091.6399999999999,
      1124.78,
      1157.92,
      1191.0600000000002,
      1224.2000000000003,
      1257.3400000000004,
      1290.4800000000005,
      1323.6200000000006,
      1356.7600000000007,
      1389.9000000000008,
      1423.0400000000009,
      1456.180000000001,
      1489.320000000001,
      1522.4600000000012,
      1555.6000000000013,
      1588.7400000000014,
      1621.8800000000015,
      1655.0200000000016,
      1688.1600000000017,
      1721.3000000000018,
      1754.4400000000019,
      1787.580000000002,
      1820.720000000002,
      1853.8600000000022,
      1887.0000000000023,
      1920.1400000000024,
      1953.2800000000025,
      1986.4200000000026,
      2019.5600000000027,
      2052.7000000000025,
      2085.8400000000024,
      2118.9800000000023,
      2152.120000000002,
      2185.260000000002,
      2218.400000000002,
      2251.540000000002,
      2284.6800000000017,
      2317.8200000000015,
      2350.9600000000014,
      2384.1000000000013,
      2417.240000000001,
      2450.380000000001,
      2483.520000000001,
      2516.6600000000008,
      2549.8000000000006,
      2582.9400000000005,
      2616.0800000000004,
      2649.2200000000003,
      2682.36,
      2715.5,
      2748.64,
      2781.7799999999997,
      2814.9199999999996,
      2848.0599999999995,
      2881.1999999999994,
      2914.3399999999992,
      2947.479999999999,
      2980.619999999999,
      3013.759999999999,
      3046.8999999999987,
      3080.0399999999986,
      3113.1799999999985,
      3146.3199999999983,
      3179.459999999998,
      3212.599999999998,
      3245.739999999998,
      3278.879999999998,
      3312.0199999999977,
      3345.1599999999976,
      3378.2999999999975,
      3411.4399999999973,
      3444.579999999997,
      3477.719999999997,
      3510.859999999997,
      3543.999999999997
    ],
    "horizontal_spacing": 41.69,
    "horizontal_positions": [
      168.296875,
      209.986875,
      251.676875,
      293.366875,
      335.056875,
      376.746875,
      418.436875,
      460.126875,
      501.816875,
      543.506875,
      585.1968750000001,
      626.8868750000001,
      668.5768750000002,
      710.2668750000003,
      751.9568750000003,
      793.6468750000004,
      835.3368750000004,
      877.0268750000005,
      918.7168750000005,
      960.4068750000006,
      1002.0968750000006,
      1043.7868750000007
    ],
    "horizontal_top_temp": 10,
    "rotation_angle": 0.002887383698759136,
    "reference_hour": 12,
    "reference_minute": 0,
    "reference_temp": 10
  }
}