{
  "template_id": "gunluk-1",
  "calibrated_at": "2026-03-12T16:54:45.422613Z",
  "image_dimensions": {
    "width": 3570,
    "height": 1121
  },
  "horizontal": {
    "top": {
      "x": 300.0,
      "y": 53.296875
    },
    "end_point": {
      "x": 3256.0,
      "y": 53.296875
    },
    "top_temp": 44,
    "spacing": 17.949999999999992,
    "rotation_angle": 0.0,
    "line_positions": [
      53.296875,
      71.24687499999999,
      89.19687499999998,
      107.14687499999997,
      125.09687499999995,
      143.04687499999994,
      160.99687499999993,
      178.94687499999992,
      196.8968749999999,
      214.8468749999999,
      232.7968749999999,
      250.74687499999987,
      268.69687499999986,
      286.64687499999985,
      304.59687499999984,
      322.54687499999983,
      340.4968749999998,
      358.4468749999998,
      376.3968749999998,
      394.3468749999998,
      412.2968749999998,
      430.24687499999976,
      448.19687499999975,
      466.14687499999974,
      484.0968749999997,
      502.0468749999997,
      519.9968749999997,
      537.9468749999997,
      555.8968749999998,
      573.8468749999998,
      591.7968749999999,
      609.7468749999999,
      627.696875,
      645.646875,
      663.5968750000001,
      681.5468750000001,
      699.4968750000002,
      717.4468750000002,
      735.3968750000003,
      753.3468750000003,
      771.2968750000003,
      789.2468750000004,
      807.1968750000004,
      825.1468750000005,
      843.0968750000005,
      861.0468750000006,
      878.9968750000006,
      896.9468750000007,
      914.8968750000007,
      932.8468750000008,
      950.7968750000008,
      968.7468750000008,
      986.6968750000009,
      1004.6468750000009,
      1022.596875000001,
      1040.546875000001,
      1058.496875000001,
      1076.446875000001,
      1094.396875000001,
      1112.346875000001
    ],
    "total_lines": 60
  },
  "vertical": {
    "line1_top": {
      "x": 287.0,
      "y": 53.296875
    },
    "line1_bottom": {
      "x": 253.0,
      "y": 1093.296875
    },
    "line1_hour": "07:00",
    "center_y": 841.0,
    "curvature": -63.87,
    "spacing": 32.900000000000034,
    "line_positions": [
      287.0,
      319.90000000000003,
      352.80000000000007,
      385.7000000000001,
      418.60000000000014,
      451.50000000000017,
      484.4000000000002,
      517.3000000000002,
      550.2000000000003,
      583.1000000000004,
      616.0000000000005,
      648.9000000000005,
      681.8000000000006,
      714.7000000000007,
      747.6000000000008,
      780.5000000000009,
      813.400000000001,
      846.3000000000011,
      879.2000000000012,
      912.1000000000013,
      945.0000000000014,
      977.9000000000015,
      1010.8000000000015,
      1043.7000000000016,
      1076.6000000000017,
      1109.5000000000018,
      1142.400000000002,
      1175.300000000002,
      1208.200000000002,
      1241.1000000000022,
      1274.0000000000023,
      1306.9000000000024,
      1339.8000000000025,
      1372.7000000000025,
      1405.6000000000026,
      1438.5000000000027,
      1471.4000000000028,
      1504.300000000003,
      1537.200000000003,
      1570.100000000003,
      1603.0000000000032,
      1635.9000000000033,
      1668.8000000000034,
      1701.7000000000035,
      1734.6000000000035,
      1767.5000000000036,
      1800.4000000000037,
      1833.3000000000038,
      1866.200000000004,
      1899.100000000004,
      1932.000000000004,
      1964.9000000000042,
      1997.8000000000043,
      2030.7000000000044,
      2063.6000000000045,
      2096.5000000000045,
      2129.4000000000046,
      2162.3000000000047,
      2195.200000000005,
      2228.100000000005,
      2261.000000000005,
      2293.900000000005,
      2326.800000000005,
      2359.7000000000053,
      2392.6000000000054,
      2425.5000000000055,
      2458.4000000000055,
      2491.3000000000056,
      2524.2000000000057,
      2557.100000000006,
      2590.000000000006,
      2622.900000000006,
      2655.800000000006,
      2688.700000000006,
      2721.6000000000063,
      2754.5000000000064,
      2787.4000000000065,
      2820.3000000000065,
      2853.2000000000066,
      2886.1000000000067,
      2919.000000000007,
      2951.900000000007,
      2984.800000000007,
      3017.700000000007,
      3050.600000000007,
      3083.5000000000073,
      3116.4000000000074,
      3149.3000000000075,
      3182.2000000000075,
      3215.1000000000076,
      3248.0000000000077,
      3280.900000000008,
      3313.800000000008,
      3346.700000000008,
      3379.600000000008,
      3412.500000000008,
      3445.4000000000083,
      3478.3000000000084,
      3511.2000000000085,
      3544.1000000000085
    ],
    "total_lines": 100
  },
  "derived": {
    "top_point": {
      "x": 287.0,
      "y": 53.296875
    },
    "bottom_point": {
      "x": 253.0,
      "y": 1093.296875
    },
    "curve_center_y": 841.0,
    "curve_coeff_a": -63.87,
    "line_spacing": 32.900000000000034,
    "line_positions": [
      287.0,
      319.90000000000003,
      352.80000000000007,
      385.7000000000001,
      418.60000000000014,
      451.50000000000017,
      484.4000000000002,
      517.3000000000002,
      550.2000000000003,
      583.1000000000004,
      616.0000000000005,
      648.9000000000005,
      681.8000000000006,
      714.7000000000007,
      747.6000000000008,
      780.5000000000009,
      813.400000000001,
      846.3000000000011,
      879.2000000000012,
      912.1000000000013,
      945.0000000000014,
      977.9000000000015,
      1010.8000000000015,
      1043.7000000000016,
      1076.6000000000017,
      1109.5000000000018,
      1142.400000000002,
      1175.300000000002,
      1208.200000000002,
      1241.1000000000022,
      1274.0000000000023,
      1306.9000000000024,
      1339.8000000000025,
      1372.7000000000025,
      1405.6000000000026,
      1438.5000000000027,
      1471.4000000000028,
      1504.300000000003,
      1537.200000000003,
      1570.100000000003,
      1603.0000000000032,
      1635.9000000000033,
      1668.8000000000034,
      1701.7000000000035,
      1734.6000000000035,
      1767.5000000000036,
      1800.4000000000037,
      1833.3000000000038,
      1866.200000000004,
      1899.100000000004,
      1932.000000000004,
      1964.9000000000042,
      1997.8000000000043,
      2030.7000000000044,
      2063.6000000000045,
      2096.5000000000045,
      2129.4000000000046,
      2162.3000000000047,
      2195.200000000005,
      2228.100000000005,
      2261.000000000005,
      2293.900000000005,
      2326.800000000005,
      2359.7000000000053,
      2392.6000000000054,
      2425.5000000000055,
      2458.4000000000055,
      2491.3000000000056,
      2524.2000000000057,
      2557.100000000006,
      2590.000000000006,
      2622.900000000006,
      2655.800000000006,
      2688.700000000006,
      2721.6000000000063,
      2754.5000000000064,
      2787.4000000000065,
      2820.3000000000065,
      2853.2000000000066,
      2886.1000000000067,
      2919.000000000007,
      2951.900000000007,
      2984.800000000007,
      3017.700000000007,
      3050.600000000007,
      3083.5000000000073,
      3116.4000000000074,
      3149.3000000000075,
      3182.2000000000075,
      3215.1000000000076,
      3248.0000000000077,
      3280.900000000008,
      3313.800000000008,
      3346.700000000008,
      3379.600000000008,
      3412.500000000008,
      3445.4000000000083,
      3478.3000000000084,
      3511.2000000000085,
      3544.1000000000085
    ],
    "horizontal_spacing": 17.949999999999992,