{
  "template_id": "gunluk-1",
  "calibrated_at": "2026-03-29T22:58:21.545232Z",
  "image_dimensions": {
    "width": 3572,
    "height": 1120
  },
  "horizontal": {
    "top": {
      "x": 250.0,
      "y": 297.53125
    },
    "end_point": {
      "x": 3372.0,
      "y": 297.53125
    },
    "top_temp": 0,
    "spacing": 25.0,
    "rotation_angle": 0.0,
    "line_positions": [
      297.53125,
      322.53125,
      347.53125,
      372.53125,
      397.53125,
      422.53125,
      447.53125,
      472.53125,
      497.53125,
      522.53125,
      547.53125,
      572.53125,
      597.53125,
      622.53125,
      647.53125,
      672.53125,
      697.53125,
      722.53125,
      747.53125,
      772.53125,
      797.53125,
      822.53125,
      847.53125,
      872.53125,
      897.53125,
      922.53125,
      947.53125,
      972.53125,
      997.53125,
      1022.53125,
      1047.53125,
      1072.53125,
      1097.53125
    ],
    "total_lines": 33
  },
  "vertical": {
    "line1_top": {
      "x": 397.0,
      "y": 118.53125
    },
    "line1_bottom": {
      "x": 369.0,
      "y": 1021.53125
    },
    "line1_hour": "12:00",
    "center_y": 560.0,
    "curvature": 0.0,
    "spacing": 30.0,
    "line_positions": [
      397.0,
      427.0,
      457.0,
      487.0,
      517.0,
      547.0,
      577.0,
      607.0,
      637.0,
      667.0,
      697.0,
      727.0,
      757.0,
      787.0,
      817.0,
      847.0,
      877.0,
      907.0,
      937.0,
      967.0,
      997.0,
      1027.0,
      1057.0,
      1087.0,
      1117.0,
      1147.0,
      1177.0,
      1207.0,
      1237.0,
      1267.0,
      1297.0,
      1327.0,
      1357.0,
      1387.0,
      1417.0,
      1447.0,
      1477.0,
      1507.0,
      1537.0,
      1567.0,
      1597.0,
      1627.0,
      1657.0,
      1687.0,
      1717.0,
      1747.0,
      1777.0,
      1807.0,
      1837.0,
      1867.0,
      1897.0,
      1927.0,
      1957.0,
      1987.0,
      2017.0,
      2047.0,
      2077.0,
      2107.0,
      2137.0,
      2167.0,
      2197.0,
      2227.0,
      2257.0,
      2287.0,
      2317.0,
      2347.0,
      2377.0,
      2407.0,
      2437.0,
      2467.0,
      2497.0,
      2527.0,
      2557.0,
      2587.0,
      2617.0,
      2647.0,
      2677.0,
      2707.0,
      2737.0,
      2767.0,
      2797.0,
      2827.0,
      2857.0,
      2887.0,
      2917.0,
      2947.0,
      2977.0,
      3007.0,
      3037.0,
      3067.0,
      3097.0,
      3127.0,
      3157.0,
      3187.0,
      3217.0,
      3247.0,
      3277.0,
      3307.0,
      3337.0,
      3367.0,
      3397.0,
      3427.0,
      3457.0,
      3487.0,
      3517.0,
      3547.0
    ],
    "total_lines": 106
  },
  "derived": {
    "top_point": {
      "x": 397.0,
      "y": 118.53125
    },
    "bottom_point": {
      "x": 369.0,
      "y": 1021.53125
    },
    "curve_center_y": 560.0,
    "curve_coeff_a": 0.0,
    "line_spacing": 30.0,
    "line_positions": [
      397.0,
      427.0,
      457.0,
      487.0,
      517.0,
      547.0,
      577.0,
      607.0,
      637.0,
      667.0,
      697.0,
      727.0,
      757.0,
      787.0,
      817.0,
      847.0,
      877.0,
      907.0,
      937.0,
      967.0,
      997.0,
      1027.0,
      1057.0,
      1087.0,
      1117.0,
      1147.0,
      1177.0,
      1207.0,
      1237.0,
      1267.0,
      1297.0,
      1327.0,
      1357.0,
      1387.0,
      1417.0,
      1447.0,
      1477.0,
      1507.0,
      1537.0,
      1567.0,
      1597.0,
      1627.0,
      1657.0,
      1687.0,
      1717.0,
      1747.0,
      1777.0,
      1807.0,
      1837.0,
      1867.0,
      1897.0,
      1927.0,
      1957.0,
      1987.0,
      2017.0,
      2047.0,
      2077.0,
      2107.0,
      2137.0,
      2167.0,
      2197.0,
      2227.0,
      2257.0,
      2287.0,
      2317.0,
      2347.0,
      2377.0,
      2407.0,
      2437.0,
      2467.0,
      2497.0,
      2527.0,
      2557.0,
      2587.0,
      2617.0,
      2647.0,
      2677.0,
      2707.0,
      2737.0,
      2767.0,
      2797.0,
      2827.0,
      2857.0,
      2887.0,
      2917.0,
      2947.0,
      2977.0,
      3007.0,
      3037.0,
      3067.0,
      3097.0,
      3127.0,
      3157.0,
      3187.0,
      3217.0,
      3247.0,
      3277.0,
      3307.0,
      3337.0,
      3367.0,
      3397.0,
      3427.0,
      3457.0,
      3487.0,
      3517.0,
      3547.0
    ],
    "horizontal_spacing": 25.0,
    "horizontal_positions": [
      297.53125,
      322.53125,
      347.53125,
      372.53125,
      397.53125,
      422.53125,
      447.53125,
      472.53125,
      497.53125,
      522.53125,
      547.53125,
      572.53125,
      597.53125,
      622.53125,
      647.53125,
      672.53125,
      697.53125,
      722.53125,
      747.53125,
      772.53125,
      797.53125,
      822.53125,
      847.53125,
      872.53125,
      897.53125,
      922.53125,
      947.53125,
      972.53125,
      997.53125,
      1022.53125,
      1047.53125,
      1072.53125,
      1097.53125
    ],
    "horizontal_top_temp": 0,
    "rotation_angle": 0.0,
    "reference_hour": 12,
    "reference_minute": 0,
    "reference_temp": 0
  }
}