{
  "template_id": "gunluk-2",
  "calibrated_at": "2026-04-24T13:00:44.198486Z",
  "image_dimensions": {
    "width": 3564,
    "height": 1073
  },
  "horizontal": {
    "top": {
      "x": 255.0,
      "y": 92.296875
    },
    "end_point": {
      "x": 3250.0,
      "y": 90.296875
    },
    "top_temp": 40,
    "spacing": 17.93,
    "rotation_angle": -0.0006677795334603186,
    "line_positions": [
      92.296875,
      110.226875,
      128.156875,
      146.08687500000002,
      164.01687500000003,
      181.94687500000003,
      199.87687500000004,
      217.80687500000005,
      235.73687500000005,
      253.66687500000006,
      271.59687500000007,
      289.5268750000001,
      307.4568750000001,
      325.3868750000001,
      343.3168750000001,
      361.2468750000001,
      379.1768750000001,
      397.1068750000001,
      415.0368750000001,
      432.96687500000013,
      450.89687500000014,
      468.82687500000014,
      486.75687500000015,
      504.68687500000016,
      522.6168750000002,
      540.5468750000001,
      558.4768750000001,
      576.406875,
      594.336875,
      612.2668749999999,
      630.1968749999999,
      648.1268749999998,
      666.0568749999998,
      683.9868749999997,
      701.9168749999997,
      719.8468749999996,
      737.7768749999996,
      755.7068749999995,
      773.6368749999995,
      791.5668749999994,
      809.4968749999994,
      827.4268749999993,
      845.3568749999993,
      863.2868749999992,
      881.2168749999992,
      899.1468749999991,
      917.0768749999991,
      935.006874999999,
      952.936874999999,
      970.8668749999989,
      988.7968749999989,
      1006.7268749999988,
      1024.6568749999988,
      1042.5868749999988,
      1060.516874999999
    ],
    "total_lines": 55
  },
  "vertical": {
    "line1_top": {
      "x": 254.0,
      "y": 90.296875
    },
    "line1_bottom": {
      "x": 230.0,
      "y": 987.296875
    },
    "line1_hour": "09:00",
    "center_y": 556.0,
    "curvature": -62.54,
    "spacing": 33.04,
    "line_positions": [
      254.0,
      287.04,
      320.08000000000004,
      353.12000000000006,
      386.1600000000001,
      419.2000000000001,
      452.2400000000001,
      485.28000000000014,
      518.3200000000002,
      551.3600000000001,
      584.4000000000001,
      617.44,
      650.48,
      683.52,
      716.56,
      749.5999999999999,
      782.6399999999999,
      815.6799999999998,
      848.7199999999998,
      881.7599999999998,
      914.7999999999997,
      947.8399999999997,
      980.8799999999997,
      1013.9199999999996,
      1046.9599999999996,
      1079.9999999999995,
      1113.0399999999995,
      1146.0799999999995,
      1179.1199999999994,
      1212.1599999999994,
      1245.1999999999994,
      1278.2399999999993,
      1311.2799999999993,
      1344.3199999999993,
      1377.3599999999992,
      1410.3999999999992,
      1443.4399999999991,
      1476.479999999999,
      1509.519999999999,
      1542.559999999999,
      1575.599999999999,
      1608.639999999999,
      1641.679999999999,
      1674.719999999999,
      1707.7599999999989,
      1740.7999999999988,
      1773.8399999999988,
      1806.8799999999987,
      1839.9199999999987,
      1872.9599999999987,
      1905.9999999999986,
      1939.0399999999986,
      1972.0799999999986,
      2005.1199999999985,
      2038.1599999999985,
      2071.1999999999985,
      2104.2399999999984,
      2137.2799999999984,
      2170.3199999999983,
      2203.3599999999983,
      2236.3999999999983,
      2269.4399999999982,
      2302.479999999998,
      2335.519999999998,
      2368.559999999998,
      2401.599999999998,
      2434.639999999998,
      2467.679999999998,
      2500.719999999998,
      2533.759999999998,
      2566.799999999998,
      2599.839999999998,
      2632.879999999998,
      2665.919999999998,
      2698.9599999999978,
      2731.9999999999977,
      2765.0399999999977,
      2798.0799999999977,
      2831.1199999999976,
      2864.1599999999976,
      2897.1999999999975,
      2930.2399999999975,
      2963.2799999999975,
      2996.3199999999974,
      3029.3599999999974,
      3062.3999999999974,
      3095.4399999999973,
      3128.4799999999973,
      3161.5199999999973,
      3194.559999999997,
      3227.599999999997,
      3260.639999999997,
      3293.679999999997,
      3326.719999999997,
      3359.759999999997,
      3392.799999999997,
      3425.839999999997,
      3458.879999999997,
      3491.919999999997,
      3524.959999999997,
      3557.999999999997
    ],
    "total_lines": 101
  },
  "derived": {
    "top_point": {
      "x": 254.0,
      "y": 90.296875
    },
    "bottom_point": {
      "x": 230.0,
      "y": 987.296875
    },
    "curve_center_y": 556.0,
    "curve_coeff_a": -62.54,
    "line_spacing": 33.04,
    "line_positions": [
      254.0,
      287.04,
      320.08000000000004,
      353.12000000000006,
      386.1600000000001,
      419.2000000000001,
      452.2400000000001,
      485.28000000000014,
      518.3200000000002,
      551.3600000000001,
      584.4000000000001,
      617.44,
      650.48,
      683.52,
      716.56,
      749.5999999999999,
      782.6399999999999,
      815.6799999999998,
      848.7199999999998,
      881.7599999999998,
      914.7999999999997,
      947.8399999999997,
      980.8799999999997,
      1013.9199999999996,
      1046.9599999999996,
      1079.9999999999995,
      1113.0399999999995,
      1146.0799999999995,
      1179.1199999999994,
      1212.1599999999994,
      1245.1999999999994,
      1278.2399999999993,
      1311.2799999999993,
      1344.3199999999993,
      1377.3599999999992,
      1410.3999999999992,
      1443.4399999999991,
      1476.479999999999,
      1509.519999999999,
      1542.559999999999,
      1575.599999999999,
      1608.639999999999,
      1641.679999999999,
      1674.719999999999,
      1707.7599999999989,
      1740.7999999999988,
      1773.8399999999988,
      1806.8799999999987,
      1839.9199999999987,
      1872.9599999999987,
      1905.9999999999986,
      1939.0399999999986,
      1972.0799999999986,
      2005.1199999999985,
      2038.1599999999985,
      2071.1999999999985,
      2104.2399999999984,
      2137.2799999999984,
      2170.3199999999983,
      2203.3599999999983,
      2236.3999999999983,
      2269.4399999999982,
      2302.479999999998,
      2335.519999999998,
      2368.559999999998,
      2401.599999999998,
      2434.639999999998,
      2467.679999999998,
      2500.719999999998,
      2533.759999999998,
      2566.799999999998,
      2599.839999999998,
      2632.879999999998,
      2665.919999999998,
      2698.9599999999978,
      2731.9999999999977,
      2765.0399999999977,
      2798.0799999999977,
      2831.1199999999976,
      2864.1599999999976,
      2897.1999999999975,
      2930.2399999999975,
      2963.2799999999975,
      2996.3199999999974,
      3029.3599999999974,
      3062.3999999999974,
      3095.4399999999973,
      3128.4799999999973,
      3161.5199999999973,
      3194.559999999997,
      3227.599999999997,
      3260.639999999997,
      3293.679999999997,
      3326.719999999997,
      3359.759999999997,
      3392.799999999997,
      3425.839999999997,
      3458.879999999997,
      3491.919999999997,
      3524.959999999997,
      3557.999999999997
    ],
    "horizontal_spacing": 17.93,