{
  "template_id": "gunluk-3",
  "calibrated_at": "2026-03-12T16:24:35.895666Z",
  "image_dimensions": {
    "width": 3562,
    "height": 1075
  },
  "horizontal": {
    "top": {
      "x": 193.0,
      "y": 126.296875
    },
    "end_point": {
      "x": 3211.0,
      "y": 124.296875
    },
    "top_temp": 55,
    "spacing": 11.86,
    "rotation_angle": -0.000662690426516763,
    "line_positions": [
      126.296875,
      138.156875,
      150.01687500000003,
      161.87687500000004,
      173.73687500000005,
      185.59687500000007,
      197.45687500000008,
      209.3168750000001,
      221.1768750000001,
      233.03687500000012,
      244.89687500000014,
      256.75687500000015,
      268.61687500000016,
      280.4768750000002,
      292.3368750000002,
      304.1968750000002,
      316.0568750000002,
      327.91687500000023,
      339.77687500000025,
      351.63687500000026,
      363.4968750000003,
      375.3568750000003,
      387.2168750000003,
      399.0768750000003,
      410.9368750000003,
      422.79687500000034,
      434.65687500000035,
      446.51687500000037,
      458.3768750000004,
      470.2368750000004,
      482.0968750000004,
      493.9568750000004,
      505.81687500000044,
      517.6768750000005,
      529.5368750000005,
      541.3968750000005,
      553.2568750000005,
      565.1168750000005,
      576.9768750000005,
      588.8368750000005,
      600.6968750000005,
      612.5568750000006,
      624.4168750000006,
      636.2768750000006,
      648.1368750000006,
      659.9968750000006,
      671.8568750000006,
      683.7168750000006,
      695.5768750000007,
      707.4368750000007,
      719.2968750000007,
      731.1568750000007,
      743.0168750000007,
      754.8768750000007,
      766.7368750000007,
      778.5968750000008,
      790.4568750000008,
      802.3168750000008,
      814.1768750000008,
      826.0368750000008,
      837.8968750000008,
      849.7568750000008,
      861.6168750000008,
      873.4768750000009,
      885.3368750000009,
      897.1968750000009,
      909.0568750000009,
      920.9168750000009,
      932.7768750000009,
      944.6368750000009,
      956.496875000001,
      968.356875000001,
      980.216875000001,
      992.076875000001,
      1003.936875000001,
      1015.796875000001,
      1027.656875000001,
      1039.516875000001,
      1051.3768750000008,
      1063.2368750000007
    ],
    "total_lines": 80
  },
  "vertical": {
    "line1_top": {
      "x": 192.0,
      "y": 126.296875
    },
    "line1_bottom": {
      "x": 177.0,
      "y": 1015.296875
    },
    "line1_hour": "07:00",
    "center_y": 777.0,
    "curvature": -45.96,
    "spacing": 32.849999999999994,
    "line_positions": [
      192.0,
      224.85,
      257.7,
      290.54999999999995,
      323.4,
      356.25,
      389.1,
      421.95000000000005,
      454.80000000000007,
      487.6500000000001,
      520.5000000000001,
      553.3500000000001,
      586.2000000000002,
      619.0500000000002,
      651.9000000000002,
      684.7500000000002,
      717.6000000000003,
      750.4500000000003,
      783.3000000000003,
      816.1500000000003,
      849.0000000000003,
      881.8500000000004,
      914.7000000000004,
      947.5500000000004,
      980.4000000000004,
      1013.2500000000005,
      1046.1000000000004,
      1078.9500000000003,
      1111.8000000000002,
      1144.65,
      1177.5,
      1210.35,
      1243.1999999999998,
      1276.0499999999997,
      1308.8999999999996,
      1341.7499999999995,
      1374.5999999999995,
      1407.4499999999994,
      1440.2999999999993,
      1473.1499999999992,
      1505.999999999999,
      1538.849999999999,
      1571.699999999999,
      1604.5499999999988,
      1637.3999999999987,
      1670.2499999999986,
      1703.0999999999985,
      1735.9499999999985,
      1768.7999999999984,
      1801.6499999999983,
      1834.4999999999982,
      1867.349999999998,
      1900.199999999998,
      1933.049999999998,
      1965.8999999999978,
      1998.7499999999977,
      2031.5999999999976,
      2064.4499999999975,
      2097.2999999999975,
      2130.1499999999974,
      2162.9999999999973,
      2195.849999999997,
      2228.699999999997,
      2261.549999999997,
      2294.399999999997,
      2327.249999999997,
      2360.0999999999967,
      2392.9499999999966,
      2425.7999999999965,
      2458.6499999999965,
      2491.4999999999964,
      2524.3499999999963,
      2557.199999999996,
      2590.049999999996,
      2622.899999999996,
      2655.749999999996,
      2688.599999999996,
      2721.4499999999957,
      2754.2999999999956,
      2787.1499999999955,
      2819.9999999999955,
      2852.8499999999954,
      2885.6999999999953,
      2918.549999999995,
      2951.399999999995,
      2984.249999999995,
      3017.099999999995,
      3049.949999999995,
      3082.7999999999947,
      3115.6499999999946,
      3148.4999999999945,
      3181.3499999999945,
      3214.1999999999944,
      3247.0499999999943,
      3279.899999999994,
      3312.749999999994,
      3345.599999999994,
      3378.449999999994,
      3411.299999999994,
      3444.1499999999937,
      3476.9999999999936,
      3509.8499999999935,
      3542.6999999999935
    ],
    "total_lines": 103
  },
  "derived": {
    "top_point": {
      "x": 192.0,
      "y": 126.296875
    },
    "bottom_point": {
      "x": 177.0,
      "y": 1015.296875
    },
    "curve_center_y": 777.0,
    "curve_coeff_a": -45.96,
    "line_spacing": 32.849999999999994,