{
  "template_id": "gunluk-1",
  "calibrated_at": "2026-04-24T12:57:45.749583Z",
  "image_dimensions": {
    "width": 3572,
    "height": 1120
  },
  "horizontal": {
    "top": {
      "x": 267.0,
      "y": 121.296875
    },
    "end_point": {
      "x": 3317.0,
      "y": 120.296875
    },
    "top_temp": 40,
    "spacing": 18.0,
    "rotation_angle": -0.00032786884071060355,
    "line_positions": [
      121.296875,
      139.296875,
      157.296875,
      175.296875,
      193.296875,
      211.296875,
      229.296875,
      247.296875,
      265.296875,
      283.296875,
      301.296875,
      319.296875,
      337.296875,
      355.296875,
      373.296875,
      391.296875,
      409.296875,
      427.296875,
      445.296875,
      463.296875,
      481.296875,
      499.296875,
      517.296875,
      535.296875,
      553.296875,
      571.296875,
      589.296875,
      607.296875,
      625.296875,
      643.296875,
      661.296875,
      679.296875,
      697.296875,
      715.296875,
      733.296875,
      751.296875,
      769.296875,
      787.296875,
      805.296875,
      823.296875,
      841.296875,
      859.296875,
      877.296875,
      895.296875,
      913.296875,
      931.296875,
      949.296875,
      967.296875,
      985.296875,
      1003.296875,
      1021.296875,
      1039.296875,
      1057.296875,
      1075.296875,
      1093.296875,
      1111.296875
    ],
    "total_lines": 56
  },
  "vertical": {
    "line1_top": {
      "x": 267.0,
      "y": 121.296875
    },
    "line1_bottom": {
      "x": 238.0,
      "y": 1017.296875
    },
    "line1_hour": "07:00",
    "center_y": 572.0,
    "curvature": -66.18,
    "spacing": 32.89,
    "line_positions": [
      267.0,
      299.89,
      332.78,
      365.66999999999996,
      398.55999999999995,
      431.44999999999993,
      464.3399999999999,
      497.2299999999999,
      530.1199999999999,
      563.0099999999999,
      595.8999999999999,
      628.7899999999998,
      661.6799999999998,
      694.5699999999998,
      727.4599999999998,
      760.3499999999998,
      793.2399999999998,
      826.1299999999998,
      859.0199999999998,
      891.9099999999997,
      924.7999999999997,
      957.6899999999997,
      990.5799999999997,
      1023.4699999999997,
      1056.3599999999997,
      1089.2499999999998,
      1122.1399999999999,
      1155.03,
      1187.92,
      1220.8100000000002,
      1253.7000000000003,
      1286.5900000000004,
      1319.4800000000005,
      1352.3700000000006,
      1385.2600000000007,
      1418.1500000000008,
      1451.0400000000009,
      1483.930000000001,
      1516.820000000001,
      1549.7100000000012,
      1582.6000000000013,
      1615.4900000000014,
      1648.3800000000015,
      1681.2700000000016,
      1714.1600000000017,
      1747.0500000000018,
      1779.9400000000019,
      1812.830000000002,
      1845.720000000002,
      1878.6100000000022,
      1911.5000000000023,
      1944.3900000000024,
      1977.2800000000025,
      2010.1700000000026,
      2043.0600000000027,
      2075.9500000000025,
      2108.8400000000024,
      2141.7300000000023,
      2174.620000000002,
      2207.510000000002,
      2240.400000000002,
      2273.290000000002,
      2306.1800000000017,
      2339.0700000000015,
      2371.9600000000014,
      2404.8500000000013,
      2437.740000000001,
      2470.630000000001,
      2503.520000000001,
      2536.4100000000008,
      2569.3000000000006,
      2602.1900000000005,
      2635.0800000000004,
      2667.9700000000003,
      2700.86,
      2733.75,
      2766.64,
      2799.5299999999997,
      2832.4199999999996,
      2865.3099999999995,
      2898.1999999999994,
      2931.0899999999992,
      2963.979999999999,
      2996.869999999999,
      3029.759999999999,
      3062.6499999999987,
      3095.5399999999986,
      3128.4299999999985,
      3161.3199999999983,
      3194.209999999998,
      3227.099999999998,
      3259.989999999998,
      3292.879999999998,
      3325.7699999999977,
      3358.6599999999976,
      3391.5499999999975,
      3424.4399999999973,
      3457.329999999997,
      3490.219999999997,
      3523.109999999997,
      3555.999999999997
    ],
    "total_lines": 101
  },
  "derived": {
    "top_point": {
      "x": 267.0,
      "y": 121.296875
    },
    "bottom_point": {
      "x": 238.0,
      "y": 1017.296875
    },
    "curve_center_y": 572.0,
    "curve_coeff_a": -66.18,
    "line_spacing": 32.89,
    "line_positions": [
      267.0,
      299.89,
      332.78,
      365.66999999999996,
      398.55999999999995,
      431.44999999999993,
      464.3399999999999,
      497.2299999999999,
      530.1199999999999,
      563.0099999999999,
      595.8999999999999,
      628.7899999999998,
      661.6799999999998,
      694.5699999999998,
      727.4599999999998,
      760.3499999999998,
      793.2399999999998,
      826.1299999999998,
      859.0199999999998,
      891.9099999999997,
      924.7999999999997,
      957.6899999999997,
      990.5799999999997,
      1023.4699999999997,
      1056.3599999999997,
      1089.2499999999998,
      1122.1399999999999,
      1155.03,
      1187.92,
      1220.8100000000002,
      1253.7000000000003,
      1286.5900000000004,
      1319.4800000000005,
      1352.3700000000006,
      1385.2600000000007,
      1418.1500000000008,
      1451.0400000000009,
      1483.930000000001,
      1516.820000000001,
      1549.7100000000012,
      1582.6000000000013,
      1615.4900000000014,
      1648.3800000000015,
      1681.2700000000016,
      1714.1600000000017,
      1747.0500000000018,
      1779.9400000000019,
      1812.830000000002,
      1845.720000000002,
      1878.6100000000022,
      1911.5000000000023,
      1944.3900000000024,
      1977.2800000000025,
      2010.1700000000026,
      2043.0600000000027,
      2075.9500000000025,
      2108.8400000000024,
      2141.7300000000023,
      2174.620000000002,
      2207.510000000002,
      2240.400000000002,
      2273.290000000002,
      2306.1800000000017,
      2339.0700000000015,
      2371.9600000000014,
      2404.8500000000013,
      2437.740000000001,
      2470.630000000001,
      2503.520000000001,
      2536.4100000000008,
      2569.3000000000006,
      2602.1900000000005,
      2635.0800000000004,
      2667.9700000000003,
      2700.86,
      2733.75,
      2766.64,
      2799.5299999999997,
      2832.4199999999996,
      2865.3099999999995,
      2898.1999999999994,
      2931.0899999999992,
      2963.979999999999,
      2996.869999999999,
      3029.759999999999,
      3062.6499999999987,
      3095.5399999999986,
      3128.4299999999985,
      3161.3199999999983,
      3194.209999999998,
      3227.099999999998,
      3259.989999999998,
      3292.879999999998,
      3325.7699999999977,
      3358.6599999999976,
      3391.5499999999975,
      3424.4399999999973,
      3457.329999999997,
      3490.219999999997,
      3523.109999999997,
      3555.999999999997
    ],
    "horizontal_spacing": 18.0,