{
  "template_id": "haftalik-1",
  "calibrated_at": "2026-04-07T09:48:46.573534Z",
  "image_dimensions": {
    "width": 3631,
    "height": 1081
  },
  "horizontal": {
    "top": {
      "x": 290.0,
      "y": 108.296875
    },
    "end_point": {
      "x": 3230.0,
      "y": 103.296875
    },
    "top_temp": 45,
    "spacing": 12.2,
    "rotation_angle": -0.001700678632478249,
    "line_positions": [
      108.296875,
      120.496875,
      132.696875,
      144.896875,
      157.09687499999998,
      169.29687499999997,
      181.49687499999996,
      193.69687499999995,
      205.89687499999994,
      218.09687499999993,
      230.29687499999991,
      242.4968749999999,
      254.6968749999999,
      266.8968749999999,
      279.0968749999999,
      291.2968749999999,
      303.4968749999999,
      315.69687499999986,
      327.89687499999985,
      340.09687499999984,
      352.29687499999983,
      364.4968749999998,
      376.6968749999998,
      388.8968749999998,
      401.0968749999998,
      413.2968749999998,
      425.49687499999976,
      437.69687499999975,
      449.89687499999974,
      462.0968749999997,
      474.2968749999997,
      486.4968749999997,
      498.6968749999997,
      510.8968749999997,
      523.0968749999997,
      535.2968749999998,
      547.4968749999998,
      559.6968749999999,
      571.8968749999999,
      584.096875,
      596.296875,
      608.496875,
      620.6968750000001,
      632.8968750000001,
      645.0968750000002,
      657.2968750000002,
      669.4968750000003,
      681.6968750000003,
      693.8968750000004,
      706.0968750000004,
      718.2968750000005,
      730.4968750000005,
      742.6968750000005,
      754.8968750000006,
      767.0968750000006,
      779.2968750000007,
      791.4968750000007,
      803.6968750000008,
      815.8968750000008,
      828.0968750000009,
      840.2968750000009,
      852.496875000001,
      864.696875000001,
      876.896875000001,
      889.0968750000011,
      901.2968750000011,
      913.4968750000012,
      925.6968750000012,
      937.8968750000013,
      950.0968750000013,
      962.2968750000014,
      974.4968750000014,
      986.6968750000015,
      998.8968750000015,
      1011.0968750000015,
      1023.2968750000016,
      1035.4968750000016,
      1047.6968750000017,
      1059.8968750000017,
      1072.0968750000018
    ],
    "total_lines": 80
  },
  "vertical": {
    "line1_top": {
      "x": 286.0,
      "y": 105.296875
    },
    "line1_bottom": {
      "x": 279.0,
      "y": 1022.296875
    },
    "line1_hour": "12:00",
    "center_y": 656.0,
    "curvature": -60.98,
    "spacing": 39.4,
    "line_positions": [
      286.0,
      325.4,
      364.79999999999995,
      404.19999999999993,
      443.5999999999999,
      482.9999999999999,
      522.3999999999999,
      561.7999999999998,
      601.1999999999998,
      640.5999999999998,
      679.9999999999998,
      719.3999999999997,
      758.7999999999997,
      798.1999999999997,
      837.5999999999997,
      876.9999999999997,
      916.3999999999996,
      955.7999999999996,
      995.1999999999996,
      1034.5999999999997,
      1073.9999999999998,
      1113.3999999999999,
      1152.8,
      1192.2,
      1231.6000000000001,
      1271.0000000000002,
      1310.4000000000003,
      1349.8000000000004,
      1389.2000000000005,
      1428.6000000000006,
      1468.0000000000007,
      1507.4000000000008,
      1546.8000000000009,
      1586.200000000001,
      1625.600000000001,
      1665.0000000000011,
      1704.4000000000012,
      1743.8000000000013,
      1783.2000000000014,
      1822.6000000000015,
      1862.0000000000016,
      1901.4000000000017,
      1940.8000000000018,
      1980.2000000000019,
      2019.600000000002,
      2059.000000000002,
      2098.400000000002,
      2137.800000000002,
      2177.200000000002,
      2216.600000000002,
      2256.0000000000023,
      2295.4000000000024,
      2334.8000000000025,
      2374.2000000000025,
      2413.6000000000026,
      2453.0000000000027,
      2492.400000000003,
      2531.800000000003,
      2571.200000000003,
      2610.600000000003,
      2650.000000000003,
      2689.4000000000033,
      2728.8000000000034,
      2768.2000000000035,
      2807.6000000000035,
      2847.0000000000036,
      2886.4000000000037,
      2925.800000000004,
      2965.200000000004,
      3004.600000000004,
      3044.000000000004,
      3083.400000000004,
      3122.8000000000043,
      3162.2000000000044,
      3201.6000000000045,
      3241.0000000000045,
      3280.4000000000046,
      3319.8000000000047,
      3359.200000000005,
      3398.600000000005,
      3438.000000000005,
      3477.400000000005,
      3516.800000000005,
      3556.2000000000053,
      3595.6000000000054
    ],
    "total_lines": 85
  },
  "derived": {
    "top_point": {
      "x": 286.0,
      "y": 105.296875
    },
    "bottom_point": {
      "x": 279.0,
      "y": 1022.296875
    },
    "curve_center_y": 656.0,
    "curve_coeff_a": -60.98,
    "line_spacing": 39.4,
    "line_positions": [
      286.0,
      325.4,
      364.79999999999995,
      404.19999999999993,
      443.5999999999999,
      482.9999999999999,
      522.3999999999999,
      561.7999999999998,
      601.1999999999998,
      640.5999999999998,
      679.9999999999998,
      719.3999999999997,
      758.7999999999997,
      798.1999999999997,
      837.5999999999997,
      876.9999999999997,
      916.3999999999996,
      955.7999999999996,
      995.1999999999996,
      1034.5999999999997,
      1073.9999999999998,
      1113.3999999999999,
      1152.8,
      1192.2,
      1231.6000000000001,
      1271.0000000000002,
      1310.4000000000003,
      1349.8000000000004,
      1389.2000000000005,
      1428.6000000000006,
      1468.0000000000007,
      1507.4000000000008,
      1546.8000000000009,
      1586.200000000001,
      1625.600000000001,
      1665.0000000000011,
      1704.4000000000012,
      1743.8000000000013,
      1783.2000000000014,
      1822.6000000000015,
      1862.0000000000016,
      1901.4000000000017,
      1940.8000000000018,
      1980.2000000000019,
      2019.600000000002,
      2059.000000000002,
      2098.400000000002,
      2137.800000000002,
      2177.200000000002,
      2216.600000000002,
      2256.0000000000023,
      2295.4000000000024,
      2334.8000000000025,
      2374.2000000000025,
      2413.6000000000026,
      2453.0000000000027,
      2492.400000000003,
      2531.800000000003,
      2571.200000000003,
      2610.600000000003,
      2650.000000000003,
      2689.4000000000033,
      2728.8000000000034,
      2768.2000000000035,
      2807.6000000000035,
      2847.0000000000036,
      2886.4000000000037,
      2925.800000000004,
      2965.200000000004,
      3004.600000000004,
      3044.000000000004,
      3083.400000000004,
      3122.8000000000043,
      3162.2000000000044,
      3201.6000000000045,
      3241.0000000000045,
      3280.4000000000046,
      3319.8000000000047,
      3359.200000000005,
      3398.600000000005,
      3438.000000000005,
      3477.400000000005,
      3516.800000000005,
      3556.2000000000053,
      3595.6000000000054
    ],
    "horizontal_spacing": 12.2,