{
  "template_id": "haftalik-2",
  "calibrated_at": "2026-04-24T13:03:35.124379Z",
  "image_dimensions": {
    "width": 3604,
    "height": 1073
  },
  "horizontal": {
    "top": {
      "x": 248.0,
      "y": 101.296875
    },
    "end_point": {
      "x": 3119.0,
      "y": 95.296875
    },
    "top_temp": 43,
    "spacing": 15.13,
    "rotation_angle": -0.0020898611163213117,
    "line_positions": [
      101.296875,
      116.426875,
      131.556875,
      146.686875,
      161.81687499999998,
      176.94687499999998,
      192.07687499999997,
      207.20687499999997,
      222.33687499999996,
      237.46687499999996,
      252.59687499999995,
      267.72687499999995,
      282.85687499999995,
      297.98687499999994,
      313.11687499999994,
      328.24687499999993,
      343.3768749999999,
      358.5068749999999,
      373.6368749999999,
      388.7668749999999,
      403.8968749999999,
      419.0268749999999,
      434.1568749999999,
      449.2868749999999,
      464.4168749999999,
      479.5468749999999,
      494.6768749999999,
      509.8068749999999,
      524.9368749999999,
      540.0668749999999,
      555.1968749999999,
      570.3268749999999,
      585.4568749999999,
      600.5868749999998,
      615.7168749999998,
      630.8468749999998,
      645.9768749999998,
      661.1068749999998,
      676.2368749999998,
      691.3668749999998,
      706.4968749999998,
      721.6268749999998,
      736.7568749999998,
      751.8868749999998,
      767.0168749999998,
      782.1468749999998,
      797.2768749999998,
      812.4068749999998,
      827.5368749999998,
      842.6668749999998,
      857.7968749999998,
      872.9268749999998,
      888.0568749999998,
      903.1868749999998,
      918.3168749999998,
      933.4468749999997,
      948.5768749999997,
      963.7068749999997,
      978.8368749999997,
      993.9668749999997,
      1009.0968749999997,
      1024.2268749999998,
      1039.356875,
      1054.486875,
      1069.6168750000002
    ],
    "total_lines": 65
  },
  "vertical": {
    "line1_top": {
      "x": 249.0,
      "y": 100.296875
    },
    "line1_bottom": {
      "x": 236.0,
      "y": 980.296875
    },
    "line1_hour": "12:00",
    "center_y": 527.0,
    "curvature": -54.38,
    "spacing": 39.33,
    "line_positions": [
      249.0,
      288.33,
      327.65999999999997,
      366.98999999999995,
      406.31999999999994,
      445.6499999999999,
      484.9799999999999,
      524.31,
      563.64,
      602.97,
      642.3000000000001,
      681.6300000000001,
      720.9600000000002,
      760.2900000000002,
      799.6200000000002,
      838.9500000000003,
      878.2800000000003,
      917.6100000000004,
      956.9400000000004,
      996.2700000000004,
      1035.6000000000004,
      1074.9300000000003,
      1114.2600000000002,
      1153.5900000000001,
      1192.92,
      1232.25,
      1271.58,
      1310.9099999999999,
      1350.2399999999998,
      1389.5699999999997,
      1428.8999999999996,
      1468.2299999999996,
      1507.5599999999995,
      1546.8899999999994,
      1586.2199999999993,
      1625.5499999999993,
      1664.8799999999992,
      1704.2099999999991,
      1743.539999999999,
      1782.869999999999,
      1822.199999999999,
      1861.5299999999988,
      1900.8599999999988,
      1940.1899999999987,
      1979.5199999999986,
      2018.8499999999985,
      2058.1799999999985,
      2097.5099999999984,
      2136.8399999999983,
      2176.1699999999983,
      2215.499999999998,
      2254.829999999998,
      2294.159999999998,
      2333.489999999998,
      2372.819999999998,
      2412.149999999998,
      2451.4799999999977,
      2490.8099999999977,
      2530.1399999999976,
      2569.4699999999975,
      2608.7999999999975,
      2648.1299999999974,
      2687.4599999999973,
      2726.7899999999972,
      2766.119999999997,
      2805.449999999997,
      2844.779999999997,
      2884.109999999997,
      2923.439999999997,
      2962.769999999997,
      3002.0999999999967,
      3041.4299999999967,
      3080.7599999999966,
      3120.0899999999965,
      3159.4199999999964,
      3198.7499999999964,
      3238.0799999999963,
      3277.409999999996,
      3316.739999999996,
      3356.069999999996,
      3395.399999999996,
      3434.729999999996,
      3474.059999999996,
      3513.389999999996,
      3552.7199999999957,
      3592.0499999999956
    ],
    "total_lines": 86
  },
  "derived": {
    "top_point": {
      "x": 249.0,
      "y": 100.296875
    },
    "bottom_point": {
      "x": 236.0,
      "y": 980.296875
    },
    "curve_center_y": 527.0,
    "curve_coeff_a": -54.38,
    "line_spacing": 39.33,
    "line_positions": [
      249.0,
      288.33,
      327.65999999999997,
      366.98999999999995,
      406.31999999999994,
      445.6499999999999,
      484.9799999999999,
      524.31,
      563.64,
      602.97,
      642.3000000000001,
      681.6300000000001,
      720.9600000000002,
      760.2900000000002,
      799.6200000000002,
      838.9500000000003,
      878.2800000000003,
      917.6100000000004,
      956.9400000000004,
      996.2700000000004,
      1035.6000000000004,
      1074.9300000000003,
      1114.2600000000002,
      1153.5900000000001,
      1192.92,
      1232.25,
      1271.58,
      1310.9099999999999,
      1350.2399999999998,
      1389.5699999999997,
      1428.8999999999996,
      1468.2299999999996,
      1507.5599999999995,
      1546.8899999999994,
      1586.2199999999993,
      1625.5499999999993,
      1664.8799999999992,
      1704.2099999999991,
      1743.539999999999,
      1782.869999999999,
      1822.199999999999,
      1861.5299999999988,
      1900.8599999999988,
      1940.1899999999987,
      1979.5199999999986,
      2018.8499999999985,
      2058.1799999999985,
      2097.5099999999984,
      2136.8399999999983,
      2176.1699999999983,
      2215.499999999998,
      2254.829999999998,
      2294.159999999998,
      2333.489999999998,
      2372.819999999998,
      2412.149999999998,
      2451.4799999999977,
      2490.8099999999977,
      2530.1399999999976,
      2569.4699999999975,
      2608.7999999999975,
      2648.1299999999974,
      2687.4599999999973,
      2726.7899999999972,
      2766.119999999997,
      2805.449999999997,
      2844.779999999997,
      2884.109999999997,
      2923.439999999997,
      2962.769999999997,
      3002.0999999999967,
      3041.4299999999967,
      3080.7599999999966,
      3120.0899999999965,
      3159.4199999999964,
      3198.7499999999964,
      3238.0799999999963,
      3277.409999999996,
      3316.739999999996,
      3356.069999999996,
      3395.399999999996,
      3434.729999999996,
      3474.059999999996,
      3513.389999999996,
      3552.7199999999957,
      3592.0499999999956
    ],
    "horizontal_spacing": 15.13,