{
  "template_id": "haftalik-1",
  "calibrated_at": "2026-03-12T14:52:00.473610Z",
  "image_dimensions": {
    "width": 3608,
    "height": 1083
  },
  "horizontal": {
    "top": {
      "x": 249.0,
      "y": 102.296875
    },
    "end_point": {
      "x": 3531.0,
      "y": 107.296875
    },
    "top_temp": 45,
    "spacing": 12.2,
    "rotation_angle": 0.0015234601254666296,
    "line_positions": [
      102.296875,
      114.496875,
      126.696875,
      138.896875,
      151.09687499999998,
      163.29687499999997,
      175.49687499999996,
      187.69687499999995,
      199.89687499999994,
      212.09687499999993,
      224.29687499999991,
      236.4968749999999,
      248.6968749999999,
      260.8968749999999,
      273.0968749999999,
      285.2968749999999,
      297.4968749999999,
      309.69687499999986,
      321.89687499999985,
      334.09687499999984,
      346.29687499999983,
      358.4968749999998,
      370.6968749999998,
      382.8968749999998,
      395.0968749999998,
      407.2968749999998,
      419.49687499999976,
      431.69687499999975,
      443.89687499999974,
      456.0968749999997,
      468.2968749999997,
      480.4968749999997,
      492.6968749999997,
      504.8968749999997,
      517.0968749999997,
      529.2968749999998,
      541.4968749999998,
      553.6968749999999,
      565.8968749999999,
      578.096875,
      590.296875,
      602.496875,
      614.6968750000001,
      626.8968750000001,
      639.0968750000002,
      651.2968750000002,
      663.4968750000003,
      675.6968750000003,
      687.8968750000004,
      700.0968750000004,
      712.2968750000005,
      724.4968750000005,
      736.6968750000005,
      748.8968750000006,
      761.0968750000006,
      773.2968750000007,
      785.4968750000007,
      797.6968750000008,
      809.8968750000008,
      822.0968750000009,
      834.2968750000009,
      846.496875000001,
      858.696875000001,
      870.896875000001,
      883.0968750000011,
      895.2968750000011,
      907.4968750000012,
      919.6968750000012,
      931.8968750000013,
      944.0968750000013,
      956.2968750000014,
      968.4968750000014,
      980.6968750000015,
      992.8968750000015,
      1005.0968750000015,
      1017.2968750000016,
      1029.4968750000016,
      1041.6968750000017,
      1053.8968750000017,
      1066.0968750000018,
      1078.2968750000018
    ],
    "total_lines": 81
  },
  "vertical": {
    "line1_top": {
      "x": 285.0,
      "y": 101.296875
    },
    "line1_bottom": {
      "x": 267.0,
      "y": 1016.296875
    },
    "line1_hour": "12:00",
    "center_y": 650.0,
    "curvature": -60.0,
    "spacing": 39.4,
    "line_positions": [
      285.0,
      324.4,
      363.79999999999995,
      403.19999999999993,
      442.5999999999999,
      481.9999999999999,
      521.3999999999999,
      560.7999999999998,
      600.1999999999998,
      639.5999999999998,
      678.9999999999998,
      718.3999999999997,
      757.7999999999997,
      797.1999999999997,
      836.5999999999997,
      875.9999999999997,
      915.3999999999996,
      954.7999999999996,
      994.1999999999996,
      1033.5999999999997,
      1072.9999999999998,
      1112.3999999999999,
      1151.8,
      1191.2,
      1230.6000000000001,
      1270.0000000000002,
      1309.4000000000003,
      1348.8000000000004,
      1388.2000000000005,
      1427.6000000000006,
      1467.0000000000007,
      1506.4000000000008,
      1545.8000000000009,
      1585.200000000001,
      1624.600000000001,
      1664.0000000000011,
      1703.4000000000012,
      1742.8000000000013,
      1782.2000000000014,
      1821.6000000000015,
      1861.0000000000016,
      1900.4000000000017,
      1939.8000000000018,
      1979.2000000000019,
      2018.600000000002,
      2058.000000000002,
      2097.400000000002,
      2136.800000000002,
      2176.200000000002,
      2215.600000000002,
      2255.0000000000023,
      2294.4000000000024,
      2333.8000000000025,
      2373.2000000000025,
      2412.6000000000026,
      2452.0000000000027,
      2491.400000000003,
      2530.800000000003,
      2570.200000000003,
      2609.600000000003,
      2649.000000000003,
      2688.4000000000033,
      2727.8000000000034,
      2767.2000000000035,
      2806.6000000000035,
      2846.0000000000036,
      2885.4000000000037,
      2924.800000000004,
      2964.200000000004,
      3003.600000000004,
      3043.000000000004,
      3082.400000000004,
      3121.8000000000043,
      3161.2000000000044,
      3200.6000000000045,
      3240.0000000000045,
      3279.4000000000046,
      3318.8000000000047,
      3358.200000000005,
      3397.600000000005,
      3437.000000000005,
      3476.400000000005,
      3515.800000000005,
      3555.2000000000053,
      3594.6000000000054
    ],
    "total_lines": 85
  },
  "derived": {
    "top_point": {
      "x": 285.0,
      "y": 101.296875
    },
    "bottom_point": {
      "x": 267.0,
      "y": 1016.296875
    },
    "curve_center_y": 650.0,
    "curve_coeff_a": -60.0,
    "line_spacing": 39.4,
    "line_positions": [
      285.0,
      324.4,
      363.79999999999995,
      403.19999999999993,
      442.5999999999999,
      481.9999999999999,
      521.3999999999999,
      560.7999999999998,
      600.1999999999998,
      639.5999999999998,
      678.9999999999998,
      718.3999999999997,
      757.7999999999997,
      797.1999999999997,
      836.5999999999997,
      875.9999999999997,
      915.3999999999996,
      954.7999999999996,
      994.1999999999996,
      1033.5999999999997,
      1072.9999999999998,
      1112.3999999999999,
      1151.8,
      1191.2,
      1230.6000000000001,
      1270.0000000000002,
      1309.4000000000003,
      1348.8000000000004,
      1388.2000000000005,
      1427.6000000000006,
      1467.0000000000007,
      1506.4000000000008,
      1545.8000000000009,
      1585.200000000001,
      1624.600000000001,
      1664.0000000000011,
      1703.4000000000012,
      1742.8000000000013,
      1782.2000000000014,
      1821.6000000000015,
      1861.0000000000016,
      1900.4000000000017,
      1939.8000000000018,
      1979.2000000000019,
      2018.600000000002,
      2058.000000000002,
      2097.400000000002,
      2136.800000000002,
      2176.200000000002,
      2215.600000000002,
      2255.0000000000023,
      2294.4000000000024,
      2333.8000000000025,
      2373.2000000000025,
      2412.6000000000026,
      2452.0000000000027,
      2491.400000000003,
      2530.800000000003,
      2570.200000000003,
      2609.600000000003,
      2649.000000000003,
      2688.4000000000033,
      2727.8000000000034,
      2767.2000000000035,
      2806.6000000000035,
      2846.0000000000036,
      2885.4000000000037,
      2924.800000000004,
      2964.200000000004,
      3003.600000000004,
      3043.000000000004,
      3082.400000000004,
      3121.8000000000043,
      3161.2000000000044,
      3200.6000000000045,
      3240.0000000000045,
      3279.4000000000046,
      3318.8000000000047,
      3358.200000000005,
      3397.600000000005,
      3437.000000000005,
      3476.400000000005,
      3515.800000000005,
      3555.2000000000053,
      3594.6000000000054
    ],
    "horizontal_spacing": 12.2,