{
  "template_id": "haftalik-1",
  "calibrated_at": "2026-03-12T12:32:12.149680Z",
  "image_dimensions": {
    "width": 3623,
    "height": 1090
  },
  "horizontal": {
    "top": {
      "x": 289.99999999999983,
      "y": 112.20703124999994
    },
    "end_point": {
      "x": 3506.249999999998,
      "y": 115.95703124999994
    },
    "top_temp": 45,
    "spacing": 12.2,
    "rotation_angle": 0.0011659536107858747,
    "line_positions": [
      112.20703124999994,
      124.40703124999995,
      136.60703124999995,
      148.80703124999994,
      161.00703124999993,
      173.20703124999991,
      185.4070312499999,
      197.6070312499999,
      209.80703124999988,
      222.00703124999987,
      234.20703124999986,
      246.40703124999985,
      258.60703124999986,
      270.80703124999985,
      283.00703124999984,
      295.20703124999983,
      307.4070312499998,
      319.6070312499998,
      331.8070312499998,
      344.0070312499998,
      356.2070312499998,
      368.40703124999976,
      380.60703124999975,
      392.80703124999974,
      405.0070312499997,
      417.2070312499997,
      429.4070312499997,
      441.6070312499997,
      453.8070312499997,
      466.00703124999967,
      478.20703124999966,
      490.40703124999965,
      502.60703124999964,
      514.8070312499997,
      527.0070312499997,
      539.2070312499998,
      551.4070312499998,
      563.6070312499999,
      575.8070312499999,
      588.00703125,
      600.20703125,
      612.40703125,
      624.6070312500001,
      636.8070312500001,
      649.0070312500002,
      661.2070312500002,
      673.4070312500003,
      685.6070312500003,
      697.8070312500004,
      710.0070312500004,
      722.2070312500005,
      734.4070312500005,
      746.6070312500005,
      758.8070312500006,
      771.0070312500006,
      783.2070312500007,
      795.4070312500007,
      807.6070312500008,
      819.8070312500008,
      832.0070312500009,
      844.2070312500009,
      856.407031250001,
      868.607031250001,
      880.807031250001,
      893.0070312500011,
      905.2070312500011,
      917.4070312500012,
      929.6070312500012,
      941.8070312500013,
      954.0070312500013,
      966.2070312500014,
      978.4070312500014,
      990.6070312500015,
      1002.8070312500015,
      1015.0070312500015,
      1027.2070312500016,
      1039.4070312500016,
      1051.6070312500017,
      1063.8070312500017,
      1076.0070312500018,
      1088.2070312500018
    ],
    "total_lines": 81
  },
  "vertical": {
    "line1_top": {
      "x": 289.1228070175436,
      "y": 112.73574561403498
    },
    "line1_bottom": {
      "x": 278.24561403508744,
      "y": 1028.8760964912271
    },
    "line1_hour": "12:00",
    "center_y": 665.0,
    "curvature": -60.0,
    "spacing": 39.4,
    "line_positions": [
      289.1228070175436,
      328.5228070175436,
      367.92280701754356,
      407.32280701754354,
      446.7228070175435,
      486.1228070175435,
      525.5228070175435,
      564.9228070175435,
      604.3228070175435,
      643.7228070175435,
      683.1228070175434,
      722.5228070175434,
      761.9228070175434,
      801.3228070175434,
      840.7228070175433,
      880.1228070175433,
      919.5228070175433,
      958.9228070175433,
      998.3228070175433,
      1037.7228070175433,
      1077.1228070175434,
      1116.5228070175435,
      1155.9228070175436,
      1195.3228070175437,
      1234.7228070175438,
      1274.122807017544,
      1313.522807017544,
      1352.922807017544,
      1392.3228070175442,
      1431.7228070175443,
      1471.1228070175443,
      1510.5228070175444,
      1549.9228070175445,
      1589.3228070175446,
      1628.7228070175447,
      1668.1228070175448,
      1707.522807017545,
      1746.922807017545,
      1786.322807017545,
      1825.7228070175452,
      1865.1228070175453,
      1904.5228070175453,
      1943.9228070175454,
      1983.3228070175455,
      2022.7228070175456,
      2062.1228070175457,
      2101.522807017546,
      2140.922807017546,
      2180.322807017546,
      2219.722807017546,
      2259.122807017546,
      2298.5228070175463,
      2337.9228070175463,
      2377.3228070175464,
      2416.7228070175465,
      2456.1228070175466,
      2495.5228070175467,
      2534.922807017547,
      2574.322807017547,
      2613.722807017547,
      2653.122807017547,
      2692.522807017547,
      2731.9228070175473,
      2771.3228070175473,
      2810.7228070175474,
      2850.1228070175475,
      2889.5228070175476,
      2928.9228070175477,
      2968.322807017548,
      3007.722807017548,
      3047.122807017548,
      3086.522807017548,
      3125.922807017548,
      3165.3228070175483,
      3204.7228070175483,
      3244.1228070175484,
      3283.5228070175485,
      3322.9228070175486,
      3362.3228070175487,
      3401.722807017549,
      3441.122807017549,
      3480.522807017549,
      3519.922807017549,
      3559.322807017549,
      3598.7228070175493
    ],
    "total_lines": 85
  },
  "derived": {
    "top_point": {
      "x": 289.1228070175436,
      "y": 112.73574561403498
    },
    "bottom_point": {
      "x": 278.24561403508744,
      "y": 1028.8760964912271
    },
    "curve_center_y": 665.0,
    "curve_coeff_a": -60.0,
    "line_spacing": 39.4,
    "line_positions": [
      289.1228070175436,
      328.5228070175436,
      367.92280701754356,
      407.32280701754354,
      446.7228070175435,
      486.1228070175435,
      525.5228070175435,
      564.9228070175435,
      604.3228070175435,
      643.7228070175435,
      683.1228070175434,
      722.5228070175434,
      761.9228070175434,
      801.3228070175434,
      840.7228070175433,
      880.1228070175433,
      919.5228070175433,
      958.9228070175433,
      998.3228070175433,
      1037.7228070175433,
      1077.1228070175434,
      1116.5228070175435,
      1155.9228070175436,
      1195.3228070175437,
      1234.7228070175438,
      1274.122807017544,
      1313.522807017544,
      1352.922807017544,
      1392.3228070175442,
      1431.7228070175443,
      1471.1228070175443,
      1510.5228070175444,
      1549.9228070175445,
      1589.3228070175446,
      1628.7228070175447,
      1668.1228070175448,
      1707.522807017545,
      1746.922807017545,
      1786.322807017545,
      1825.7228070175452,
      1865.1228070175453,
      1904.5228070175453,
      1943.9228070175454,
      1983.3228070175455,
      2022.7228070175456,
      2062.1228070175457,
      2101.522807017546,
      2140.922807017546,
      2180.322807017546,
      2219.722807017546,
      2259.122807017546,
      2298.5228070175463,
      2337.9228070175463,
      2377.3228070175464,
      2416.7228070175465,
      2456.1228070175466,
      2495.5228070175467,
      2534.922807017547,
      2574.322807017547,
      2613.722807017547,
      2653.122807017547,
      2692.522807017547,
      2731.9228070175473,
      2771.3228070175473,
      2810.7228070175474,
      2850.1228070175475,
      2889.5228070175476,
      2928.9228070175477,
      2968.322807017548,
      3007.722807017548,
      3047.122807017548,
      3086.522807017548,
      3125.922807017548,
      3165.3228070175483,
      3204.7228070175483,
      3244.1228070175484,
      3283.5228070175485,
      3322.9228070175486,
      3362.3228070175487,
      3401.722807017549,
      3441.122807017549,
      3480.522807017549,
      3519.922807017549,
      3559.322807017549,
      3598.7228070175493
    ],
    "horizontal_spacing": 12.2,